root,id,breed
root,german_shorthaired_119.jpg,german_shorthaired_pointer
root,english_setter_158.jpg,english_setter
root,pomeranian_162.jpg,pomeranian
root,newfoundland_137.jpg,newfoundland
root,german_shorthaired_131.jpg,german_shorthaired_pointer
root,english_setter_170.jpg,english_setter
root,english_setter_164.jpg,english_setter
root,german_shorthaired_125.jpg,german_shorthaired_pointer
root,pomeranian_176.jpg,pomeranian
root,newfoundland_123.jpg,newfoundland
root,saint_bernard_111.jpg,saint_bernard
root,scottish_terrier_132.jpg,scottish_terrier
root,scottish_terrier_126.jpg,scottish_terrier
root,saint_bernard_105.jpg,saint_bernard
root,pomeranian_189.jpg,pomeranian
root,basset_hound_112.jpg,basset_hound
root,shiba_inu_122.jpg,shiba_inu
root,saint_bernard_139.jpg,saint_bernard
root,shiba_inu_136.jpg,shiba_inu
root,basset_hound_106.jpg,basset_hound
root,american_pit_bull_terrier_166.jpg,american_pit_bull_terrier
root,boxer_184.jpg,boxer
root,boxer_190.jpg,boxer
root,american_pit_bull_terrier_172.jpg,american_pit_bull_terrier
root,havanese_113.jpg,havanese
root,havanese_107.jpg,havanese
root,boxer_147.jpg,boxer
root,great_pyrenees_167.jpg,great_pyrenees
root,leonberger_123.jpg,leonberger
root,leonberger_137.jpg,leonberger
root,english_cocker_spaniel_11.jpg,english_cocker_spaniel
root,boxer_153.jpg,boxer
root,great_pyrenees_173.jpg,great_pyrenees
root,japanese_chin_12.jpg,japanese_chin
root,staffordshire_bull_terrier_11.jpg,staffordshire_bull_terrier
root,staffordshire_bull_terrier_110.jpg,staffordshire_bull_terrier
root,samoyed_188.jpg,samoyed
root,american_bulldog_169.jpg,american_bulldog
root,beagle_104.jpg,beagle
root,miniature_pinscher_189.jpg,miniature_pinscher
root,beagle_110.jpg,beagle
root,staffordshire_bull_terrier_104.jpg,staffordshire_bull_terrier
root,beagle_138.jpg,beagle
root,keeshond_187.jpg,keeshond
root,american_bulldog_141.jpg,american_bulldog
root,staffordshire_bull_terrier_138.jpg,staffordshire_bull_terrier
root,keeshond_178.jpg,keeshond
root,samoyed_177.jpg,samoyed
root,american_bulldog_196.jpg,american_bulldog
root,keeshond_150.jpg,keeshond
root,miniature_pinscher_162.jpg,miniature_pinscher
root,miniature_pinscher_176.jpg,miniature_pinscher
root,american_bulldog_182.jpg,american_bulldog
root,keeshond_144.jpg,keeshond
root,samoyed_163.jpg,samoyed
root,wheaten_terrier_109.jpg,wheaten_terrier
root,havanese_11.jpg,havanese
root,english_cocker_spaniel_140.jpg,english_cocker_spaniel
root,yorkshire_terrier_114.jpg,yorkshire_terrier
root,scottish_terrier_18.jpg,scottish_terrier
root,japanese_chin_179.jpg,japanese_chin
root,yorkshire_terrier_100.jpg,yorkshire_terrier
root,english_cocker_spaniel_154.jpg,english_cocker_spaniel
root,wheaten_terrier_135.jpg,wheaten_terrier
root,chihuahua_188.jpg,chihuahua
root,japanese_chin_151.jpg,japanese_chin
root,yorkshire_terrier_128.jpg,yorkshire_terrier
root,japanese_chin_145.jpg,japanese_chin
root,wheaten_terrier_121.jpg,wheaten_terrier
root,english_cocker_spaniel_168.jpg,english_cocker_spaniel
root,english_cocker_spaniel_183.jpg,english_cocker_spaniel
root,chihuahua_177.jpg,chihuahua
root,chihuahua_163.jpg,chihuahua
root,pug_103.jpg,pug
root,japanese_chin_186.jpg,japanese_chin
root,pug_117.jpg,pug
root,pug_116.jpg,pug
root,japanese_chin_187.jpg,japanese_chin
root,pug_102.jpg,pug
root,chihuahua_162.jpg,chihuahua
root,chihuahua_176.jpg,chihuahua
root,english_cocker_spaniel_182.jpg,english_cocker_spaniel
root,japanese_chin_144.jpg,japanese_chin
root,english_cocker_spaniel_169.jpg,english_cocker_spaniel
root,wheaten_terrier_120.jpg,wheaten_terrier
root,chihuahua_189.jpg,chihuahua
root,wheaten_terrier_134.jpg,wheaten_terrier
root,yorkshire_terrier_129.jpg,yorkshire_terrier
root,japanese_chin_150.jpg,japanese_chin
root,yorkshire_terrier_101.jpg,yorkshire_terrier
root,japanese_chin_178.jpg,japanese_chin
root,english_cocker_spaniel_155.jpg,english_cocker_spaniel
root,english_cocker_spaniel_141.jpg,english_cocker_spaniel
root,wheaten_terrier_108.jpg,wheaten_terrier
root,havanese_10.jpg,havanese
root,yorkshire_terrier_115.jpg,yorkshire_terrier
root,keeshond_145.jpg,keeshond
root,american_bulldog_183.jpg,american_bulldog
root,miniature_pinscher_177.jpg,miniature_pinscher
root,samoyed_162.jpg,samoyed
root,samoyed_176.jpg,samoyed
root,miniature_pinscher_163.jpg,miniature_pinscher
root,keeshond_151.jpg,keeshond
root,american_bulldog_197.jpg,american_bulldog
root,keeshond_179.jpg,keeshond
root,american_bulldog_140.jpg,american_bulldog
root,keeshond_186.jpg,keeshond
root,staffordshire_bull_terrier_139.jpg,staffordshire_bull_terrier
root,beagle_139.jpg,beagle
root,beagle_111.jpg,beagle
root,miniature_pinscher_188.jpg,miniature_pinscher
root,staffordshire_bull_terrier_105.jpg,staffordshire_bull_terrier
root,samoyed_189.jpg,samoyed
root,staffordshire_bull_terrier_111.jpg,staffordshire_bull_terrier
root,staffordshire_bull_terrier_10.jpg,staffordshire_bull_terrier
root,beagle_105.jpg,beagle
root,american_bulldog_168.jpg,american_bulldog
root,great_pyrenees_172.jpg,great_pyrenees
root,boxer_152.jpg,boxer
root,english_cocker_spaniel_10.jpg,english_cocker_spaniel
root,leonberger_136.jpg,leonberger
root,japanese_chin_13.jpg,japanese_chin
root,leonberger_122.jpg,leonberger
root,great_pyrenees_166.jpg,great_pyrenees
root,boxer_146.jpg,boxer
root,havanese_106.jpg,havanese
root,havanese_112.jpg,havanese
root,american_pit_bull_terrier_173.jpg,american_pit_bull_terrier
root,american_pit_bull_terrier_167.jpg,american_pit_bull_terrier
root,boxer_185.jpg,boxer
root,basset_hound_107.jpg,basset_hound
root,shiba_inu_137.jpg,shiba_inu
root,saint_bernard_138.jpg,saint_bernard
root,shiba_inu_123.jpg,shiba_inu
root,basset_hound_113.jpg,basset_hound
root,pomeranian_188.jpg,pomeranian
root,saint_bernard_104.jpg,saint_bernard
root,scottish_terrier_127.jpg,scottish_terrier
root,scottish_terrier_133.jpg,scottish_terrier
root,saint_bernard_110.jpg,saint_bernard
root,german_shorthaired_124.jpg,german_shorthaired_pointer
root,english_setter_165.jpg,english_setter
root,newfoundland_122.jpg,newfoundland
root,pomeranian_177.jpg,pomeranian
root,newfoundland_136.jpg,newfoundland
root,pomeranian_163.jpg,pomeranian
root,english_setter_171.jpg,english_setter
root,german_shorthaired_130.jpg,german_shorthaired_pointer
root,english_setter_159.jpg,english_setter
root,german_shorthaired_118.jpg,german_shorthaired_pointer
root,pomeranian_149.jpg,pomeranian
root,newfoundland_108.jpg,newfoundland
root,newfoundland_120.jpg,newfoundland
root,pomeranian_175.jpg,pomeranian
root,english_setter_167.jpg,english_setter
root,german_shorthaired_126.jpg,german_shorthaired_pointer
root,german_shorthaired_132.jpg,german_shorthaired_pointer
root,english_setter_173.jpg,english_setter
root,newfoundland_134.jpg,newfoundland
root,pomeranian_161.jpg,pomeranian
root,basset_hound_139.jpg,basset_hound
root,scottish_terrier_125.jpg,scottish_terrier
root,saint_bernard_106.jpg,saint_bernard
root,shiba_inu_109.jpg,shiba_inu
root,saint_bernard_112.jpg,saint_bernard
root,scottish_terrier_131.jpg,scottish_terrier
root,shiba_inu_135.jpg,shiba_inu
root,basset_hound_105.jpg,basset_hound
root,scottish_terrier_119.jpg,scottish_terrier
root,basset_hound_111.jpg,basset_hound
root,shiba_inu_121.jpg,shiba_inu
root,american_pit_bull_terrier_159.jpg,american_pit_bull_terrier
root,american_pit_bull_terrier_171.jpg,american_pit_bull_terrier
root,boxer_187.jpg,boxer
root,american_pit_bull_terrier_165.jpg,american_pit_bull_terrier
root,havanese_104.jpg,havanese
root,leonberger_108.jpg,leonberger
root,havanese_110.jpg,havanese
root,boxer_178.jpg,boxer
root,great_pyrenees_158.jpg,great_pyrenees
root,japanese_chin_11.jpg,japanese_chin
root,havanese_138.jpg,havanese
root,leonberger_134.jpg,leonberger
root,english_cocker_spaniel_12.jpg,english_cocker_spaniel
root,boxer_150.jpg,boxer
root,great_pyrenees_170.jpg,great_pyrenees
root,boxer_144.jpg,boxer
root,great_pyrenees_164.jpg,great_pyrenees
root,leonberger_120.jpg,leonberger
root,staffordshire_bull_terrier_107.jpg,staffordshire_bull_terrier
root,beagle_113.jpg,beagle
root,beagle_107.jpg,beagle
root,staffordshire_bull_terrier_113.jpg,staffordshire_bull_terrier
root,staffordshire_bull_terrier_12.jpg,staffordshire_bull_terrier
root,keeshond_184.jpg,keeshond
root,american_bulldog_142.jpg,american_bulldog
root,keeshond_190.jpg,keeshond
root,miniature_pinscher_149.jpg,miniature_pinscher
root,samoyed_148.jpg,samoyed
root,samoyed_160.jpg,samoyed
root,miniature_pinscher_175.jpg,miniature_pinscher
root,american_bulldog_181.jpg,american_bulldog
root,keeshond_147.jpg,keeshond
root,keeshond_153.jpg,keeshond
root,miniature_pinscher_161.jpg,miniature_pinscher
root,samoyed_174.jpg,samoyed
root,english_cocker_spaniel_157.jpg,english_cocker_spaniel
root,yorkshire_terrier_103.jpg,yorkshire_terrier
root,yorkshire_terrier_117.jpg,yorkshire_terrier
root,havanese_12.jpg,havanese
root,english_cocker_spaniel_143.jpg,english_cocker_spaniel
root,wheaten_terrier_122.jpg,wheaten_terrier
root,japanese_chin_146.jpg,japanese_chin
root,japanese_chin_152.jpg,japanese_chin
root,wheaten_terrier_136.jpg,wheaten_terrier
root,chihuahua_160.jpg,chihuahua
root,pug_128.jpg,pug
root,english_cocker_spaniel_180.jpg,english_cocker_spaniel
root,chihuahua_174.jpg,chihuahua
root,japanese_chin_185.jpg,japanese_chin
root,pug_114.jpg,pug
root,pug_100.jpg,pug
root,chihuahua_148.jpg,chihuahua
root,english_setter_18.jpg,english_setter
root,japanese_chin_190.jpg,japanese_chin
root,pug_101.jpg,pug
root,chihuahua_149.jpg,chihuahua
root,pug_115.jpg,pug
root,japanese_chin_184.jpg,japanese_chin
root,chihuahua_175.jpg,chihuahua
root,english_cocker_spaniel_181.jpg,english_cocker_spaniel
root,chihuahua_161.jpg,chihuahua
root,pug_129.jpg,pug
root,japanese_chin_153.jpg,japanese_chin
root,wheaten_terrier_137.jpg,wheaten_terrier
root,wheaten_terrier_123.jpg,wheaten_terrier
root,japanese_chin_147.jpg,japanese_chin
root,yorkshire_terrier_116.jpg,yorkshire_terrier
root,english_cocker_spaniel_142.jpg,english_cocker_spaniel
root,havanese_13.jpg,havanese
root,english_cocker_spaniel_156.jpg,english_cocker_spaniel
root,yorkshire_terrier_102.jpg,yorkshire_terrier
root,miniature_pinscher_160.jpg,miniature_pinscher
root,keeshond_152.jpg,keeshond
root,american_bulldog_194.jpg,american_bulldog
root,samoyed_175.jpg,samoyed
root,samoyed_161.jpg,samoyed
root,keeshond_146.jpg,keeshond
root,american_bulldog_180.jpg,american_bulldog
root,miniature_pinscher_174.jpg,miniature_pinscher
root,samoyed_149.jpg,samoyed
root,miniature_pinscher_148.jpg,miniature_pinscher
root,american_bulldog_143.jpg,american_bulldog
root,keeshond_185.jpg,keeshond
root,staffordshire_bull_terrier_13.jpg,staffordshire_bull_terrier
root,staffordshire_bull_terrier_112.jpg,staffordshire_bull_terrier
root,staffordshire_bull_terrier_106.jpg,staffordshire_bull_terrier
root,beagle_112.jpg,beagle
root,leonberger_121.jpg,leonberger
root,great_pyrenees_165.jpg,great_pyrenees
root,boxer_145.jpg,boxer
root,japanese_chin_10.jpg,japanese_chin
root,great_pyrenees_171.jpg,great_pyrenees
root,boxer_151.jpg,boxer
root,english_cocker_spaniel_13.jpg,english_cocker_spaniel
root,leonberger_135.jpg,leonberger
root,havanese_139.jpg,havanese
root,great_pyrenees_159.jpg,great_pyrenees
root,boxer_179.jpg,boxer
root,havanese_111.jpg,havanese
root,leonberger_109.jpg,leonberger
root,havanese_105.jpg,havanese
root,boxer_186.jpg,boxer
root,american_pit_bull_terrier_164.jpg,american_pit_bull_terrier
root,american_pit_bull_terrier_170.jpg,american_pit_bull_terrier
root,american_pit_bull_terrier_158.jpg,american_pit_bull_terrier
root,shiba_inu_120.jpg,shiba_inu
root,basset_hound_110.jpg,basset_hound
root,scottish_terrier_118.jpg,scottish_terrier
root,basset_hound_104.jpg,basset_hound
root,shiba_inu_134.jpg,shiba_inu
root,scottish_terrier_130.jpg,scottish_terrier
root,saint_bernard_113.jpg,saint_bernard
root,shiba_inu_108.jpg,shiba_inu
root,saint_bernard_107.jpg,saint_bernard
root,scottish_terrier_124.jpg,scottish_terrier
root,basset_hound_138.jpg,basset_hound
root,english_setter_172.jpg,english_setter
root,german_shorthaired_133.jpg,german_shorthaired_pointer
root,pomeranian_160.jpg,pomeranian
root,newfoundland_135.jpg,newfoundland
root,pomeranian_174.jpg,pomeranian
root,newfoundland_121.jpg,newfoundland
root,german_shorthaired_127.jpg,german_shorthaired_pointer
root,english_setter_166.jpg,english_setter
root,newfoundland_109.jpg,newfoundland
root,pomeranian_148.jpg,pomeranian
root,english_setter_162.jpg,english_setter
root,german_shorthaired_123.jpg,german_shorthaired_pointer
root,newfoundland_125.jpg,newfoundland
root,pomeranian_170.jpg,pomeranian
root,newfoundland_131.jpg,newfoundland
root,pomeranian_164.jpg,pomeranian
root,german_shorthaired_137.jpg,german_shorthaired_pointer
root,english_setter_176.jpg,english_setter
root,newfoundland_119.jpg,newfoundland
root,pomeranian_158.jpg,pomeranian
root,shiba_inu_130.jpg,shiba_inu
root,basset_hound_100.jpg,basset_hound
root,basset_hound_114.jpg,basset_hound
root,scottish_terrier_108.jpg,scottish_terrier
root,shiba_inu_124.jpg,shiba_inu
root,scottish_terrier_120.jpg,scottish_terrier
root,saint_bernard_103.jpg,saint_bernard
root,saint_bernard_117.jpg,saint_bernard
root,shiba_inu_118.jpg,shiba_inu
root,basset_hound_128.jpg,basset_hound
root,scottish_terrier_134.jpg,scottish_terrier
root,english_setter_189.jpg,english_setter
root,american_pit_bull_terrier_174.jpg,american_pit_bull_terrier
root,boxer_18.jpg,boxer
root,american_pit_bull_terrier_160.jpg,american_pit_bull_terrier
root,boxer_182.jpg,boxer
root,american_pit_bull_terrier_148.jpg,american_pit_bull_terrier
root,leonberger_131.jpg,leonberger
root,english_cocker_spaniel_17.jpg,english_cocker_spaniel
root,boxer_155.jpg,boxer
root,great_pyrenees_175.jpg,great_pyrenees
root,japanese_chin_14.jpg,japanese_chin
root,boxer_141.jpg,boxer
root,great_pyrenees_161.jpg,great_pyrenees
root,leonberger_125.jpg,leonberger
root,havanese_129.jpg,havanese
root,boxer_169.jpg,boxer
root,great_pyrenees_149.jpg,great_pyrenees
root,havanese_101.jpg,havanese
root,leonberger_119.jpg,leonberger
root,havanese_115.jpg,havanese
root,keeshond_181.jpg,keeshond
root,american_bulldog_147.jpg,american_bulldog
root,american_bulldog_153.jpg,american_bulldog
root,beagle_116.jpg,beagle
root,staffordshire_bull_terrier_102.jpg,staffordshire_bull_terrier
root,staffordshire_bull_terrier_116.jpg,staffordshire_bull_terrier
root,staffordshire_bull_terrier_17.jpg,staffordshire_bull_terrier
root,beagle_102.jpg,beagle
root,miniature_pinscher_170.jpg,miniature_pinscher
root,american_bulldog_184.jpg,american_bulldog
root,keeshond_142.jpg,keeshond
root,samoyed_165.jpg,samoyed
root,samoyed_171.jpg,samoyed
root,american_bulldog_190.jpg,american_bulldog
root,keeshond_156.jpg,keeshond
root,miniature_pinscher_164.jpg,miniature_pinscher
root,samoyed_159.jpg,samoyed
root,miniature_pinscher_158.jpg,miniature_pinscher
root,japanese_chin_143.jpg,japanese_chin
root,wheaten_terrier_127.jpg,wheaten_terrier
root,wheaten_terrier_133.jpg,wheaten_terrier
root,japanese_chin_157.jpg,japanese_chin
root,yorkshire_terrier_106.jpg,yorkshire_terrier
root,english_cocker_spaniel_152.jpg,english_cocker_spaniel
root,havanese_17.jpg,havanese
root,english_cocker_spaniel_146.jpg,english_cocker_spaniel
root,yorkshire_terrier_112.jpg,yorkshire_terrier
root,japanese_chin_180.jpg,japanese_chin
root,pug_111.jpg,pug
root,chihuahua_159.jpg,chihuahua
root,pug_105.jpg,pug
root,chihuahua_165.jpg,chihuahua
root,english_cocker_spaniel_185.jpg,english_cocker_spaniel
root,chihuahua_171.jpg,chihuahua
root,pug_139.jpg,pug
root,chihuahua_170.jpg,chihuahua
root,english_cocker_spaniel_184.jpg,english_cocker_spaniel
root,pug_138.jpg,pug
root,english_cocker_spaniel_190.jpg,english_cocker_spaniel
root,chihuahua_164.jpg,chihuahua
root,pug_104.jpg,pug
root,pug_110.jpg,pug
root,japanese_chin_181.jpg,japanese_chin
root,chihuahua_158.jpg,chihuahua
root,english_cocker_spaniel_147.jpg,english_cocker_spaniel
root,havanese_16.jpg,havanese
root,yorkshire_terrier_113.jpg,yorkshire_terrier
root,yorkshire_terrier_107.jpg,yorkshire_terrier
root,english_cocker_spaniel_153.jpg,english_cocker_spaniel
root,wheaten_terrier_132.jpg,wheaten_terrier
root,japanese_chin_156.jpg,japanese_chin
root,japanese_chin_142.jpg,japanese_chin
root,wheaten_terrier_126.jpg,wheaten_terrier
root,miniature_pinscher_159.jpg,miniature_pinscher
root,samoyed_158.jpg,samoyed
root,samoyed_170.jpg,samoyed
root,miniature_pinscher_165.jpg,miniature_pinscher
root,keeshond_157.jpg,keeshond
root,american_bulldog_191.jpg,american_bulldog
root,keeshond_143.jpg,keeshond
root,american_bulldog_185.jpg,american_bulldog
root,miniature_pinscher_171.jpg,miniature_pinscher
root,samoyed_164.jpg,samoyed
root,staffordshire_bull_terrier_16.jpg,staffordshire_bull_terrier
root,staffordshire_bull_terrier_117.jpg,staffordshire_bull_terrier
root,beagle_103.jpg,beagle
root,beagle_117.jpg,beagle
root,staffordshire_bull_terrier_103.jpg,staffordshire_bull_terrier
root,american_bulldog_152.jpg,american_bulldog
root,american_bulldog_146.jpg,american_bulldog
root,keeshond_180.jpg,keeshond
root,havanese_114.jpg,havanese
root,leonberger_118.jpg,leonberger
root,havanese_100.jpg,havanese
root,great_pyrenees_148.jpg,great_pyrenees
root,boxer_168.jpg,boxer
root,havanese_128.jpg,havanese
root,leonberger_124.jpg,leonberger
root,great_pyrenees_160.jpg,great_pyrenees
root,boxer_140.jpg,boxer
root,great_pyrenees_174.jpg,great_pyrenees
root,boxer_154.jpg,boxer
root,english_cocker_spaniel_16.jpg,english_cocker_spaniel
root,leonberger_130.jpg,leonberger
root,japanese_chin_15.jpg,japanese_chin
root,keeshond_18.jpg,keeshond
root,american_pit_bull_terrier_149.jpg,american_pit_bull_terrier
root,american_pit_bull_terrier_161.jpg,american_pit_bull_terrier
root,boxer_183.jpg,boxer
root,american_pit_bull_terrier_175.jpg,american_pit_bull_terrier
root,scottish_terrier_135.jpg,scottish_terrier
root,basset_hound_129.jpg,basset_hound
root,shiba_inu_119.jpg,shiba_inu
root,saint_bernard_116.jpg,saint_bernard
root,english_setter_188.jpg,english_setter
root,saint_bernard_102.jpg,saint_bernard
root,scottish_terrier_121.jpg,scottish_terrier
root,shiba_inu_125.jpg,shiba_inu
root,scottish_terrier_109.jpg,scottish_terrier
root,basset_hound_115.jpg,basset_hound
root,basset_hound_101.jpg,basset_hound
root,shiba_inu_131.jpg,shiba_inu
root,pomeranian_159.jpg,pomeranian
root,newfoundland_118.jpg,newfoundland
root,pomeranian_165.jpg,pomeranian
root,newfoundland_130.jpg,newfoundland
root,english_setter_177.jpg,english_setter
root,german_shorthaired_136.jpg,german_shorthaired_pointer
root,german_shorthaired_122.jpg,german_shorthaired_pointer
root,english_setter_163.jpg,english_setter
root,pomeranian_171.jpg,pomeranian
root,newfoundland_124.jpg,newfoundland
root,german_shorthaired_134.jpg,german_shorthaired_pointer
root,english_setter_175.jpg,english_setter
root,pomeranian_167.jpg,pomeranian
root,newfoundland_132.jpg,newfoundland
root,pomeranian_173.jpg,pomeranian
root,newfoundland_126.jpg,newfoundland
root,english_setter_161.jpg,english_setter
root,german_shorthaired_120.jpg,german_shorthaired_pointer
root,english_setter_149.jpg,english_setter
root,german_shorthaired_108.jpg,german_shorthaired_pointer
root,basset_hound_117.jpg,basset_hound
root,saint_bernard_128.jpg,saint_bernard
root,shiba_inu_127.jpg,shiba_inu
root,shiba_inu_133.jpg,shiba_inu
root,basset_hound_103.jpg,basset_hound
root,saint_bernard_114.jpg,saint_bernard
root,scottish_terrier_137.jpg,scottish_terrier
root,scottish_terrier_123.jpg,scottish_terrier
root,saint_bernard_100.jpg,saint_bernard
root,boxer_181.jpg,boxer
root,american_pit_bull_terrier_163.jpg,american_pit_bull_terrier
root,american_pit_bull_terrier_177.jpg,american_pit_bull_terrier
root,great_pyrenees_189.jpg,great_pyrenees
root,boxer_142.jpg,boxer
root,great_pyrenees_162.jpg,great_pyrenees
root,leonberger_126.jpg,leonberger
root,japanese_chin_17.jpg,japanese_chin
root,leonberger_132.jpg,leonberger
root,english_cocker_spaniel_14.jpg,english_cocker_spaniel
root,boxer_156.jpg,boxer
root,great_pyrenees_176.jpg,great_pyrenees
root,havanese_116.jpg,havanese
root,american_pit_bull_terrier_188.jpg,american_pit_bull_terrier
root,havanese_102.jpg,havanese
root,american_bulldog_150.jpg,american_bulldog
root,beagle_18.jpg,beagle
root,staffordshire_bull_terrier_129.jpg,staffordshire_bull_terrier
root,keeshond_182.jpg,keeshond
root,american_bulldog_144.jpg,american_bulldog
root,beagle_129.jpg,beagle
root,beagle_101.jpg,beagle
root,staffordshire_bull_terrier_14.jpg,staffordshire_bull_terrier
root,staffordshire_bull_terrier_115.jpg,staffordshire_bull_terrier
root,staffordshire_bull_terrier_101.jpg,staffordshire_bull_terrier
root,beagle_115.jpg,beagle
root,american_bulldog_178.jpg,american_bulldog
root,american_bulldog_193.jpg,american_bulldog
root,keeshond_155.jpg,keeshond
root,miniature_pinscher_167.jpg,miniature_pinscher
root,samoyed_172.jpg,samoyed
root,samoyed_166.jpg,samoyed
root,miniature_pinscher_173.jpg,miniature_pinscher
root,american_bulldog_187.jpg,american_bulldog
root,keeshond_141.jpg,keeshond
root,keeshond_169.jpg,keeshond
root,japanese_chin_154.jpg,japanese_chin
root,english_cocker_spaniel_179.jpg,english_cocker_spaniel
root,wheaten_terrier_130.jpg,wheaten_terrier
root,wheaten_terrier_124.jpg,wheaten_terrier
root,japanese_chin_140.jpg,japanese_chin
root,yorkshire_terrier_139.jpg,yorkshire_terrier
root,japanese_chin_168.jpg,japanese_chin
root,yorkshire_terrier_111.jpg,yorkshire_terrier
root,havanese_14.jpg,havanese
root,english_cocker_spaniel_145.jpg,english_cocker_spaniel
root,english_cocker_spaniel_151.jpg,english_cocker_spaniel
root,wheaten_terrier_118.jpg,wheaten_terrier
root,yorkshire_terrier_105.jpg,yorkshire_terrier
root,pug_106.jpg,pug
root,japanese_chin_183.jpg,japanese_chin
root,pug_112.jpg,pug
root,english_cocker_spaniel_186.jpg,english_cocker_spaniel
root,chihuahua_172.jpg,chihuahua
root,chihuahua_166.jpg,chihuahua
root,chihuahua_167.jpg,chihuahua
root,chihuahua_173.jpg,chihuahua
root,english_cocker_spaniel_187.jpg,english_cocker_spaniel
root,japanese_chin_182.jpg,japanese_chin
root,pug_107.jpg,pug
root,great_pyrenees_18.jpg,great_pyrenees
root,wheaten_terrier_119.jpg,wheaten_terrier
root,english_cocker_spaniel_150.jpg,english_cocker_spaniel
root,yorkshire_terrier_104.jpg,yorkshire_terrier
root,yorkshire_terrier_110.jpg,yorkshire_terrier
root,japanese_chin_169.jpg,japanese_chin
root,english_cocker_spaniel_144.jpg,english_cocker_spaniel
root,havanese_15.jpg,havanese
root,wheaten_terrier_125.jpg,wheaten_terrier
root,yorkshire_terrier_138.jpg,yorkshire_terrier
root,japanese_chin_141.jpg,japanese_chin
root,japanese_chin_155.jpg,japanese_chin
root,wheaten_terrier_131.jpg,wheaten_terrier
root,english_cocker_spaniel_178.jpg,english_cocker_spaniel
root,keeshond_168.jpg,keeshond
root,samoyed_167.jpg,samoyed
root,keeshond_140.jpg,keeshond
root,american_bulldog_186.jpg,american_bulldog
root,miniature_pinscher_172.jpg,miniature_pinscher
root,miniature_pinscher_166.jpg,miniature_pinscher
root,keeshond_154.jpg,keeshond
root,american_bulldog_192.jpg,american_bulldog
root,samoyed_173.jpg,samoyed
root,staffordshire_bull_terrier_100.jpg,staffordshire_bull_terrier
root,american_bulldog_179.jpg,american_bulldog
root,beagle_114.jpg,beagle
root,beagle_100.jpg,beagle
root,yorkshire_terrier_18.jpg,yorkshire_terrier
root,staffordshire_bull_terrier_114.jpg,staffordshire_bull_terrier
root,staffordshire_bull_terrier_15.jpg,staffordshire_bull_terrier
root,beagle_128.jpg,beagle
root,keeshond_183.jpg,keeshond
root,american_bulldog_151.jpg,american_bulldog
root,staffordshire_bull_terrier_128.jpg,staffordshire_bull_terrier
root,american_pit_bull_terrier_189.jpg,american_pit_bull_terrier
root,havanese_103.jpg,havanese
root,havanese_117.jpg,havanese
root,japanese_chin_16.jpg,japanese_chin
root,great_pyrenees_177.jpg,great_pyrenees
root,boxer_157.jpg,boxer
root,english_cocker_spaniel_15.jpg,english_cocker_spaniel
root,leonberger_133.jpg,leonberger
root,leonberger_127.jpg,leonberger
root,great_pyrenees_163.jpg,great_pyrenees
root,boxer_143.jpg,boxer
root,great_pyrenees_188.jpg,great_pyrenees
root,american_pit_bull_terrier_176.jpg,american_pit_bull_terrier
root,leonberger_18.jpg,leonberger
root,boxer_180.jpg,boxer
root,american_pit_bull_terrier_162.jpg,american_pit_bull_terrier
root,saint_bernard_101.jpg,saint_bernard
root,scottish_terrier_122.jpg,scottish_terrier
root,scottish_terrier_136.jpg,scottish_terrier
root,saint_bernard_115.jpg,saint_bernard
root,basset_hound_102.jpg,basset_hound
root,shiba_inu_132.jpg,shiba_inu
root,shiba_inu_126.jpg,shiba_inu
root,saint_bernard_129.jpg,saint_bernard
root,basset_hound_116.jpg,basset_hound
root,german_shorthaired_109.jpg,german_shorthaired_pointer
root,english_setter_148.jpg,english_setter
root,newfoundland_127.jpg,newfoundland
root,pomeranian_172.jpg,pomeranian
root,german_shorthaired_121.jpg,german_shorthaired_pointer
root,english_setter_160.jpg,english_setter
root,english_setter_174.jpg,english_setter
root,german_shorthaired_135.jpg,german_shorthaired_pointer
root,newfoundland_133.jpg,newfoundland
root,pomeranian_166.jpg,pomeranian
root,newfoundland_168.jpg,newfoundland
root,scottish_terrier_186.jpg,scottish_terrier
root,pomeranian_12.jpg,pomeranian
root,pomeranian_129.jpg,pomeranian
root,english_setter_113.jpg,english_setter
root,german_shorthaired_152.jpg,german_shorthaired_pointer
root,newfoundland_154.jpg,newfoundland
root,pomeranian_101.jpg,pomeranian
root,shiba_inu_182.jpg,shiba_inu
root,newfoundland_140.jpg,newfoundland
root,pomeranian_115.jpg,pomeranian
root,shiba_inu_196.jpg,shiba_inu
root,german_shorthaired_146.jpg,german_shorthaired_pointer
root,english_setter_107.jpg,english_setter
root,scottish_terrier_151.jpg,scottish_terrier
root,saint_bernard_172.jpg,saint_bernard
root,saint_bernard_166.jpg,saint_bernard
root,basset_hound_159.jpg,basset_hound
root,scottish_terrier_145.jpg,scottish_terrier
root,wheaten_terrier_16.jpg,wheaten_terrier
root,shiba_inu_141.jpg,shiba_inu
root,basset_hound_171.jpg,basset_hound
root,basset_hound_165.jpg,basset_hound
root,scottish_terrier_179.jpg,scottish_terrier
root,shiba_inu_155.jpg,shiba_inu
root,newfoundland_183.jpg,newfoundland
root,german_shorthaired_185.jpg,german_shorthaired_pointer
root,american_pit_bull_terrier_139.jpg,american_pit_bull_terrier
root,leonberger_183.jpg,leonberger
root,american_pit_bull_terrier_105.jpg,american_pit_bull_terrier
root,american_pit_bull_terrier_111.jpg,american_pit_bull_terrier
root,boxer_118.jpg,boxer
root,great_pyrenees_138.jpg,great_pyrenees
root,havanese_170.jpg,havanese
root,american_pit_bull_terrier_11.jpg,american_pit_bull_terrier
root,leonberger_168.jpg,leonberger
root,havanese_164.jpg,havanese
root,samoyed_12.jpg,samoyed
root,leonberger_140.jpg,leonberger
root,boxer_124.jpg,boxer
root,great_pyrenees_104.jpg,great_pyrenees
root,boxer_130.jpg,boxer
root,great_pyrenees_110.jpg,great_pyrenees
root,leonberger_154.jpg,leonberger
root,havanese_158.jpg,havanese
root,beagle_167.jpg,beagle
root,miniature_pinscher_11.jpg,miniature_pinscher
root,staffordshire_bull_terrier_173.jpg,staffordshire_bull_terrier
root,staffordshire_bull_terrier_167.jpg,staffordshire_bull_terrier
root,beagle_173.jpg,beagle
root,american_bulldog_136.jpg,american_bulldog
root,german_shorthaired_13.jpg,german_shorthaired_pointer
root,american_bulldog_122.jpg,american_bulldog
root,samoyed_128.jpg,samoyed
root,chihuahua_14.jpg,chihuahua
root,miniature_pinscher_129.jpg,miniature_pinscher
root,miniature_pinscher_101.jpg,miniature_pinscher
root,keeshond_133.jpg,keeshond
root,samoyed_114.jpg,samoyed
root,samoyed_100.jpg,samoyed
root,staffordshire_bull_terrier_198.jpg,staffordshire_bull_terrier
root,keeshond_127.jpg,keeshond
root,miniature_pinscher_115.jpg,miniature_pinscher
root,yorkshire_terrier_177.jpg,yorkshire_terrier
root,english_cocker_spaniel_123.jpg,english_cocker_spaniel
root,american_bulldog_11.jpg,american_bulldog
root,english_cocker_spaniel_137.jpg,english_cocker_spaniel
root,yorkshire_terrier_163.jpg,yorkshire_terrier
root,japanese_chin_132.jpg,japanese_chin
root,wheaten_terrier_156.jpg,wheaten_terrier
root,wheaten_terrier_142.jpg,wheaten_terrier
root,japanese_chin_126.jpg,japanese_chin
root,newfoundland_14.jpg,newfoundland
root,chihuahua_114.jpg,chihuahua
root,chihuahua_100.jpg,chihuahua
root,pug_148.jpg,pug
root,yorkshire_terrier_188.jpg,yorkshire_terrier
root,pug_160.jpg,pug
root,chihuahua_128.jpg,chihuahua
root,wheaten_terrier_181.jpg,wheaten_terrier
root,pug_174.jpg,pug
root,wheaten_terrier_180.jpg,wheaten_terrier
root,pug_175.jpg,pug
root,pug_161.jpg,pug
root,yorkshire_terrier_189.jpg,yorkshire_terrier
root,chihuahua_129.jpg,chihuahua
root,chihuahua_101.jpg,chihuahua
root,pug_149.jpg,pug
root,newfoundland_15.jpg,newfoundland
root,chihuahua_115.jpg,chihuahua
root,wheaten_terrier_143.jpg,wheaten_terrier
root,japanese_chin_127.jpg,japanese_chin
root,japanese_chin_133.jpg,japanese_chin
root,wheaten_terrier_157.jpg,wheaten_terrier
root,english_cocker_spaniel_136.jpg,english_cocker_spaniel
root,american_bulldog_10.jpg,american_bulldog
root,yorkshire_terrier_162.jpg,yorkshire_terrier
root,yorkshire_terrier_176.jpg,yorkshire_terrier
root,english_cocker_spaniel_122.jpg,english_cocker_spaniel
root,staffordshire_bull_terrier_199.jpg,staffordshire_bull_terrier
root,samoyed_101.jpg,samoyed
root,miniature_pinscher_114.jpg,miniature_pinscher
root,keeshond_126.jpg,keeshond
root,keeshond_132.jpg,keeshond
root,miniature_pinscher_100.jpg,miniature_pinscher
root,samoyed_115.jpg,samoyed
root,chihuahua_15.jpg,chihuahua
root,miniature_pinscher_128.jpg,miniature_pinscher
root,samoyed_129.jpg,samoyed
root,american_bulldog_123.jpg,american_bulldog
root,german_shorthaired_12.jpg,german_shorthaired_pointer
root,american_bulldog_137.jpg,american_bulldog
root,staffordshire_bull_terrier_166.jpg,staffordshire_bull_terrier
root,beagle_172.jpg,beagle
root,beagle_166.jpg,beagle
root,staffordshire_bull_terrier_172.jpg,staffordshire_bull_terrier
root,miniature_pinscher_10.jpg,miniature_pinscher
root,havanese_159.jpg,havanese
root,leonberger_155.jpg,leonberger
root,great_pyrenees_111.jpg,great_pyrenees
root,boxer_131.jpg,boxer
root,great_pyrenees_105.jpg,great_pyrenees
root,boxer_125.jpg,boxer
root,leonberger_141.jpg,leonberger
root,american_pit_bull_terrier_10.jpg,american_pit_bull_terrier
root,samoyed_13.jpg,samoyed
root,havanese_165.jpg,havanese
root,leonberger_169.jpg,leonberger
root,havanese_171.jpg,havanese
root,great_pyrenees_139.jpg,great_pyrenees
root,boxer_119.jpg,boxer
root,american_pit_bull_terrier_110.jpg,american_pit_bull_terrier
root,leonberger_182.jpg,leonberger
root,american_pit_bull_terrier_104.jpg,american_pit_bull_terrier
root,american_pit_bull_terrier_138.jpg,american_pit_bull_terrier
root,newfoundland_182.jpg,newfoundland
root,shiba_inu_154.jpg,shiba_inu
root,scottish_terrier_178.jpg,scottish_terrier
root,basset_hound_164.jpg,basset_hound
root,german_shorthaired_184.jpg,german_shorthaired_pointer
root,german_shorthaired_190.jpg,german_shorthaired_pointer
root,basset_hound_170.jpg,basset_hound
root,shiba_inu_140.jpg,shiba_inu
root,scottish_terrier_144.jpg,scottish_terrier
root,basset_hound_158.jpg,basset_hound
root,shiba_inu_168.jpg,shiba_inu
root,saint_bernard_167.jpg,saint_bernard
root,pug_18.jpg,pug
root,wheaten_terrier_17.jpg,wheaten_terrier
root,saint_bernard_173.jpg,saint_bernard
root,scottish_terrier_150.jpg,scottish_terrier
root,pomeranian_114.jpg,pomeranian
root,newfoundland_141.jpg,newfoundland
root,english_setter_106.jpg,english_setter
root,german_shorthaired_147.jpg,german_shorthaired_pointer
root,german_shorthaired_153.jpg,german_shorthaired_pointer
root,english_setter_112.jpg,english_setter
root,shiba_inu_183.jpg,shiba_inu
root,pomeranian_100.jpg,pomeranian
root,newfoundland_155.jpg,newfoundland
root,pomeranian_128.jpg,pomeranian
root,pomeranian_13.jpg,pomeranian
root,scottish_terrier_187.jpg,scottish_terrier
root,newfoundland_169.jpg,newfoundland
root,english_setter_138.jpg,english_setter
root,german_shorthaired_179.jpg,german_shorthaired_pointer
root,scottish_terrier_185.jpg,scottish_terrier
root,pomeranian_11.jpg,pomeranian
root,german_shorthaired_145.jpg,german_shorthaired_pointer
root,english_setter_104.jpg,english_setter
root,pomeranian_116.jpg,pomeranian
root,newfoundland_143.jpg,newfoundland
root,shiba_inu_195.jpg,shiba_inu
root,pomeranian_102.jpg,pomeranian
root,newfoundland_157.jpg,newfoundland
root,shiba_inu_181.jpg,shiba_inu
root,english_setter_110.jpg,english_setter
root,german_shorthaired_151.jpg,german_shorthaired_pointer
root,wheaten_terrier_15.jpg,wheaten_terrier
root,saint_bernard_165.jpg,saint_bernard
root,scottish_terrier_146.jpg,scottish_terrier
root,scottish_terrier_152.jpg,scottish_terrier
root,saint_bernard_171.jpg,saint_bernard
root,german_shorthaired_186.jpg,german_shorthaired_pointer
root,basset_hound_166.jpg,basset_hound
root,saint_bernard_159.jpg,saint_bernard
root,shiba_inu_156.jpg,shiba_inu
root,newfoundland_180.jpg,newfoundland
root,shiba_inu_142.jpg,shiba_inu
root,basset_hound_172.jpg,basset_hound
root,american_pit_bull_terrier_112.jpg,american_pit_bull_terrier
root,american_pit_bull_terrier_106.jpg,american_pit_bull_terrier
root,leonberger_180.jpg,leonberger
root,havanese_167.jpg,havanese
root,samoyed_11.jpg,samoyed
root,american_pit_bull_terrier_12.jpg,american_pit_bull_terrier
root,havanese_173.jpg,havanese
root,boxer_133.jpg,boxer
root,great_pyrenees_113.jpg,great_pyrenees
root,leonberger_157.jpg,leonberger
root,leonberger_143.jpg,leonberger
root,boxer_127.jpg,boxer
root,great_pyrenees_107.jpg,great_pyrenees
root,beagle_170.jpg,beagle
root,miniature_pinscher_12.jpg,miniature_pinscher
root,staffordshire_bull_terrier_170.jpg,staffordshire_bull_terrier
root,beagle_164.jpg,beagle
root,american_bulldog_109.jpg,american_bulldog
root,german_shorthaired_10.jpg,german_shorthaired_pointer
root,american_bulldog_121.jpg,american_bulldog
root,staffordshire_bull_terrier_158.jpg,staffordshire_bull_terrier
root,american_bulldog_135.jpg,american_bulldog
root,beagle_158.jpg,beagle
root,keeshond_118.jpg,keeshond
root,chihuahua_17.jpg,chihuahua
root,keeshond_124.jpg,keeshond
root,miniature_pinscher_116.jpg,miniature_pinscher
root,samoyed_103.jpg,samoyed
root,samoyed_117.jpg,samoyed
root,miniature_pinscher_102.jpg,miniature_pinscher
root,keeshond_130.jpg,keeshond
root,japanese_chin_119.jpg,japanese_chin
root,pug_188.jpg,pug
root,yorkshire_terrier_160.jpg,yorkshire_terrier
root,american_bulldog_12.jpg,american_bulldog
root,english_cocker_spaniel_134.jpg,english_cocker_spaniel
root,english_cocker_spaniel_120.jpg,english_cocker_spaniel
root,wheaten_terrier_169.jpg,wheaten_terrier
root,yorkshire_terrier_174.jpg,yorkshire_terrier
root,japanese_chin_125.jpg,japanese_chin
root,english_cocker_spaniel_108.jpg,english_cocker_spaniel
root,wheaten_terrier_141.jpg,wheaten_terrier
root,wheaten_terrier_155.jpg,wheaten_terrier
root,japanese_chin_131.jpg,japanese_chin
root,yorkshire_terrier_148.jpg,yorkshire_terrier
root,chihuahua_103.jpg,chihuahua
root,chihuahua_117.jpg,chihuahua
root,newfoundland_17.jpg,newfoundland
root,pug_177.jpg,pug
root,wheaten_terrier_182.jpg,wheaten_terrier
root,pug_163.jpg,pug
root,pug_162.jpg,pug
root,pug_176.jpg,pug
root,wheaten_terrier_183.jpg,wheaten_terrier
root,chihuahua_116.jpg,chihuahua
root,newfoundland_16.jpg,newfoundland
root,chihuahua_102.jpg,chihuahua
root,wheaten_terrier_154.jpg,wheaten_terrier
root,yorkshire_terrier_149.jpg,yorkshire_terrier
root,japanese_chin_130.jpg,japanese_chin
root,japanese_chin_124.jpg,japanese_chin
root,wheaten_terrier_140.jpg,wheaten_terrier
root,english_cocker_spaniel_109.jpg,english_cocker_spaniel
root,wheaten_terrier_168.jpg,wheaten_terrier
root,english_cocker_spaniel_121.jpg,english_cocker_spaniel
root,yorkshire_terrier_175.jpg,yorkshire_terrier
root,yorkshire_terrier_161.jpg,yorkshire_terrier
root,pug_189.jpg,pug
root,japanese_chin_118.jpg,japanese_chin
root,english_cocker_spaniel_135.jpg,english_cocker_spaniel
root,american_bulldog_13.jpg,american_bulldog
root,samoyed_116.jpg,samoyed
root,keeshond_131.jpg,keeshond
root,miniature_pinscher_103.jpg,miniature_pinscher
root,miniature_pinscher_117.jpg,miniature_pinscher
root,keeshond_125.jpg,keeshond
root,samoyed_102.jpg,samoyed
root,keeshond_119.jpg,keeshond
root,chihuahua_16.jpg,chihuahua
root,american_bulldog_134.jpg,american_bulldog
root,american_bulldog_120.jpg,american_bulldog
root,german_shorthaired_11.jpg,german_shorthaired_pointer
root,staffordshire_bull_terrier_159.jpg,staffordshire_bull_terrier
root,staffordshire_bull_terrier_171.jpg,staffordshire_bull_terrier
root,miniature_pinscher_13.jpg,miniature_pinscher
root,american_bulldog_108.jpg,american_bulldog
root,beagle_165.jpg,beagle
root,beagle_171.jpg,beagle
root,staffordshire_bull_terrier_165.jpg,staffordshire_bull_terrier
root,great_pyrenees_106.jpg,great_pyrenees
root,boxer_126.jpg,boxer
root,leonberger_142.jpg,leonberger
root,leonberger_156.jpg,leonberger
root,great_pyrenees_112.jpg,great_pyrenees
root,boxer_132.jpg,boxer
root,havanese_172.jpg,havanese
root,havanese_166.jpg,havanese
root,american_pit_bull_terrier_13.jpg,american_pit_bull_terrier
root,american_pit_bull_terrier_107.jpg,american_pit_bull_terrier
root,leonberger_181.jpg,leonberger
root,american_pit_bull_terrier_113.jpg,american_pit_bull_terrier
root,basset_hound_173.jpg,basset_hound
root,shiba_inu_143.jpg,shiba_inu
root,german_shorthaired_187.jpg,german_shorthaired_pointer
root,newfoundland_181.jpg,newfoundland
root,shiba_inu_157.jpg,shiba_inu
root,saint_bernard_158.jpg,saint_bernard
root,basset_hound_167.jpg,basset_hound
root,saint_bernard_170.jpg,saint_bernard
root,scottish_terrier_153.jpg,scottish_terrier
root,wheaten_terrier_14.jpg,wheaten_terrier
root,scottish_terrier_147.jpg,scottish_terrier
root,saint_bernard_164.jpg,saint_bernard
root,shiba_inu_180.jpg,shiba_inu
root,newfoundland_156.jpg,newfoundland
root,pomeranian_103.jpg,pomeranian
root,german_shorthaired_150.jpg,german_shorthaired_pointer
root,english_setter_111.jpg,english_setter
root,english_setter_105.jpg,english_setter
root,german_shorthaired_144.jpg,german_shorthaired_pointer
root,shiba_inu_194.jpg,shiba_inu
root,newfoundland_142.jpg,newfoundland
root,pomeranian_117.jpg,pomeranian
root,scottish_terrier_190.jpg,scottish_terrier
root,german_shorthaired_178.jpg,german_shorthaired_pointer
root,english_setter_139.jpg,english_setter
root,pomeranian_10.jpg,pomeranian
root,scottish_terrier_184.jpg,scottish_terrier
root,pomeranian_113.jpg,pomeranian
root,newfoundland_146.jpg,newfoundland
root,shiba_inu_190.jpg,shiba_inu
root,german_shorthaired_140.jpg,german_shorthaired_pointer
root,english_setter_101.jpg,english_setter
root,english_setter_115.jpg,english_setter
root,german_shorthaired_154.jpg,german_shorthaired_pointer
root,pomeranian_107.jpg,pomeranian
root,newfoundland_152.jpg,newfoundland
root,scottish_terrier_180.jpg,scottish_terrier
root,pomeranian_14.jpg,pomeranian
root,german_shorthaired_168.jpg,german_shorthaired_pointer
root,english_setter_129.jpg,english_setter
root,basset_hound_188.jpg,basset_hound
root,basset_hound_163.jpg,basset_hound
root,shiba_inu_153.jpg,shiba_inu
root,newfoundland_185.jpg,newfoundland
root,german_shorthaired_183.jpg,german_shorthaired_pointer
root,saint_bernard_148.jpg,saint_bernard
root,shiba_inu_147.jpg,shiba_inu
root,basset_hound_177.jpg,basset_hound
root,saint_bernard_160.jpg,saint_bernard
root,scottish_terrier_143.jpg,scottish_terrier
root,wheaten_terrier_10.jpg,wheaten_terrier
root,scottish_terrier_157.jpg,scottish_terrier
root,saint_bernard_174.jpg,saint_bernard
root,american_pit_bull_terrier_117.jpg,american_pit_bull_terrier
root,havanese_189.jpg,havanese
root,leonberger_185.jpg,leonberger
root,american_pit_bull_terrier_103.jpg,american_pit_bull_terrier
root,boxer_136.jpg,boxer
root,great_pyrenees_116.jpg,great_pyrenees
root,leonberger_152.jpg,leonberger
root,leonberger_146.jpg,leonberger
root,boxer_122.jpg,boxer
root,great_pyrenees_102.jpg,great_pyrenees
root,american_pit_bull_terrier_17.jpg,american_pit_bull_terrier
root,samoyed_14.jpg,samoyed
root,havanese_162.jpg,havanese
root,havanese_176.jpg,havanese
root,beagle_149.jpg,beagle
root,german_shorthaired_15.jpg,german_shorthaired_pointer
root,american_bulldog_124.jpg,american_bulldog
root,american_bulldog_130.jpg,american_bulldog
root,staffordshire_bull_terrier_149.jpg,staffordshire_bull_terrier
root,american_bulldog_118.jpg,american_bulldog
root,beagle_175.jpg,beagle
root,beagle_161.jpg,beagle
root,miniature_pinscher_17.jpg,miniature_pinscher
root,staffordshire_bull_terrier_175.jpg,staffordshire_bull_terrier
root,samoyed_106.jpg,samoyed
root,keeshond_121.jpg,keeshond
root,miniature_pinscher_113.jpg,miniature_pinscher
root,miniature_pinscher_107.jpg,miniature_pinscher
root,keeshond_135.jpg,keeshond
root,samoyed_112.jpg,samoyed
root,chihuahua_12.jpg,chihuahua
root,keeshond_109.jpg,keeshond
root,wheaten_terrier_144.jpg,wheaten_terrier
root,japanese_chin_120.jpg,japanese_chin
root,yorkshire_terrier_159.jpg,yorkshire_terrier
root,japanese_chin_134.jpg,japanese_chin
root,wheaten_terrier_150.jpg,wheaten_terrier
root,english_cocker_spaniel_119.jpg,english_cocker_spaniel
root,wheaten_terrier_178.jpg,wheaten_terrier
root,english_cocker_spaniel_131.jpg,english_cocker_spaniel
root,yorkshire_terrier_165.jpg,yorkshire_terrier
root,japanese_chin_108.jpg,japanese_chin
root,yorkshire_terrier_171.jpg,yorkshire_terrier
root,english_cocker_spaniel_125.jpg,english_cocker_spaniel
root,wheaten_terrier_187.jpg,wheaten_terrier
root,pug_172.jpg,pug
root,pug_166.jpg,pug
root,chihuahua_106.jpg,chihuahua
root,newfoundland_12.jpg,newfoundland
root,chihuahua_112.jpg,chihuahua
root,saint_bernard_18.jpg,saint_bernard
root,newfoundland_13.jpg,newfoundland
root,chihuahua_113.jpg,chihuahua
root,chihuahua_107.jpg,chihuahua
root,pug_167.jpg,pug
root,wheaten_terrier_186.jpg,wheaten_terrier
root,pug_173.jpg,pug
root,yorkshire_terrier_170.jpg,yorkshire_terrier
root,japanese_chin_109.jpg,japanese_chin
root,english_cocker_spaniel_124.jpg,english_cocker_spaniel
root,english_cocker_spaniel_130.jpg,english_cocker_spaniel
root,wheaten_terrier_179.jpg,wheaten_terrier
root,american_bulldog_16.jpg,american_bulldog
root,yorkshire_terrier_164.jpg,yorkshire_terrier
root,japanese_chin_135.jpg,japanese_chin
root,english_cocker_spaniel_118.jpg,english_cocker_spaniel
root,wheaten_terrier_151.jpg,wheaten_terrier
root,wheaten_terrier_145.jpg,wheaten_terrier
root,yorkshire_terrier_158.jpg,yorkshire_terrier
root,japanese_chin_121.jpg,japanese_chin
root,keeshond_108.jpg,keeshond
root,chihuahua_13.jpg,chihuahua
root,keeshond_134.jpg,keeshond
root,miniature_pinscher_106.jpg,miniature_pinscher
root,samoyed_113.jpg,samoyed
root,samoyed_107.jpg,samoyed
root,miniature_pinscher_112.jpg,miniature_pinscher
root,keeshond_120.jpg,keeshond
root,beagle_160.jpg,beagle
root,staffordshire_bull_terrier_174.jpg,staffordshire_bull_terrier
root,miniature_pinscher_16.jpg,miniature_pinscher
root,staffordshire_bull_terrier_160.jpg,staffordshire_bull_terrier
root,beagle_174.jpg,beagle
root,american_bulldog_119.jpg,american_bulldog
root,american_bulldog_131.jpg,american_bulldog
root,american_bulldog_125.jpg,american_bulldog
root,german_shorthaired_14.jpg,german_shorthaired_pointer
root,beagle_148.jpg,beagle
root,havanese_177.jpg,havanese
root,american_pit_bull_terrier_16.jpg,american_pit_bull_terrier
root,havanese_163.jpg,havanese
root,samoyed_15.jpg,samoyed
root,great_pyrenees_103.jpg,great_pyrenees
root,boxer_123.jpg,boxer
root,leonberger_147.jpg,leonberger
root,leonberger_153.jpg,leonberger
root,great_pyrenees_117.jpg,great_pyrenees
root,boxer_137.jpg,boxer
root,leonberger_184.jpg,leonberger
root,havanese_188.jpg,havanese
root,american_pit_bull_terrier_102.jpg,american_pit_bull_terrier
root,american_pit_bull_terrier_116.jpg,american_pit_bull_terrier
root,leonberger_190.jpg,leonberger
root,saint_bernard_175.jpg,saint_bernard
root,scottish_terrier_156.jpg,scottish_terrier
root,scottish_terrier_142.jpg,scottish_terrier
root,saint_bernard_161.jpg,saint_bernard
root,wheaten_terrier_11.jpg,wheaten_terrier
root,basset_hound_176.jpg,basset_hound
root,newfoundland_190.jpg,newfoundland
root,shiba_inu_146.jpg,shiba_inu
root,saint_bernard_149.jpg,saint_bernard
root,newfoundland_184.jpg,newfoundland
root,shiba_inu_152.jpg,shiba_inu
root,basset_hound_162.jpg,basset_hound
root,german_shorthaired_182.jpg,german_shorthaired_pointer
root,english_setter_128.jpg,english_setter
root,german_shorthaired_169.jpg,german_shorthaired_pointer
root,basset_hound_189.jpg,basset_hound
root,pomeranian_15.jpg,pomeranian
root,scottish_terrier_181.jpg,scottish_terrier
root,german_shorthaired_155.jpg,german_shorthaired_pointer
root,english_setter_114.jpg,english_setter
root,shiba_inu_185.jpg,shiba_inu
root,newfoundland_153.jpg,newfoundland
root,pomeranian_106.jpg,pomeranian
root,shiba_inu_191.jpg,shiba_inu
root,newfoundland_147.jpg,newfoundland
root,pomeranian_112.jpg,pomeranian
root,english_setter_100.jpg,english_setter
root,german_shorthaired_141.jpg,german_shorthaired_pointer
root,newfoundland_151.jpg,newfoundland
root,pomeranian_104.jpg,pomeranian
root,shiba_inu_187.jpg,shiba_inu
root,saint_bernard_188.jpg,saint_bernard
root,english_setter_116.jpg,english_setter
root,german_shorthaired_157.jpg,german_shorthaired_pointer
root,german_shorthaired_143.jpg,german_shorthaired_pointer
root,english_setter_102.jpg,english_setter
root,newfoundland_145.jpg,newfoundland
root,pomeranian_110.jpg,pomeranian
root,shiba_inu_193.jpg,shiba_inu
root,pomeranian_138.jpg,pomeranian
root,scottish_terrier_183.jpg,scottish_terrier
root,pomeranian_17.jpg,pomeranian
root,newfoundland_179.jpg,newfoundland
root,shiba_inu_144.jpg,shiba_inu
root,basset_hound_174.jpg,basset_hound
root,scottish_terrier_168.jpg,scottish_terrier
root,shiba_inu_19.jpg,shiba_inu
root,german_shorthaired_180.jpg,german_shorthaired_pointer
root,basset_hound_160.jpg,basset_hound
root,shiba_inu_150.jpg,shiba_inu
root,newfoundland_186.jpg,newfoundland
root,basset_hound_148.jpg,basset_hound
root,scottish_terrier_154.jpg,scottish_terrier
root,saint_bernard_177.jpg,saint_bernard
root,shiba_inu_178.jpg,shiba_inu
root,wheaten_terrier_13.jpg,wheaten_terrier
root,saint_bernard_163.jpg,saint_bernard
root,scottish_terrier_140.jpg,scottish_terrier
root,american_pit_bull_terrier_100.jpg,american_pit_bull_terrier
root,leonberger_186.jpg,leonberger
root,american_pit_bull_terrier_114.jpg,american_pit_bull_terrier
root,american_pit_bull_terrier_128.jpg,american_pit_bull_terrier
root,havanese_149.jpg,havanese
root,leonberger_145.jpg,leonberger
root,boxer_121.jpg,boxer
root,great_pyrenees_101.jpg,great_pyrenees
root,boxer_135.jpg,boxer
root,great_pyrenees_115.jpg,great_pyrenees
root,leonberger_151.jpg,leonberger
root,havanese_175.jpg,havanese
root,leonberger_179.jpg,leonberger
root,samoyed_17.jpg,samoyed
root,havanese_161.jpg,havanese
root,boxer_109.jpg,boxer
root,great_pyrenees_129.jpg,great_pyrenees
root,american_pit_bull_terrier_14.jpg,american_pit_bull_terrier
root,american_bulldog_133.jpg,american_bulldog
root,german_shorthaired_16.jpg,german_shorthaired_pointer
root,american_bulldog_127.jpg,american_bulldog
root,miniature_pinscher_14.jpg,miniature_pinscher
root,staffordshire_bull_terrier_176.jpg,staffordshire_bull_terrier
root,beagle_162.jpg,beagle
root,beagle_176.jpg,beagle
root,staffordshire_bull_terrier_162.jpg,staffordshire_bull_terrier
root,samoyed_111.jpg,samoyed
root,staffordshire_bull_terrier_189.jpg,staffordshire_bull_terrier
root,miniature_pinscher_104.jpg,miniature_pinscher
root,keeshond_136.jpg,keeshond
root,keeshond_122.jpg,keeshond
root,beagle_189.jpg,beagle
root,miniature_pinscher_110.jpg,miniature_pinscher
root,samoyed_105.jpg,samoyed
root,miniature_pinscher_138.jpg,miniature_pinscher
root,chihuahua_11.jpg,chihuahua
root,samoyed_139.jpg,samoyed
root,wheaten_terrier_153.jpg,wheaten_terrier
root,japanese_chin_137.jpg,japanese_chin
root,japanese_chin_123.jpg,japanese_chin
root,wheaten_terrier_147.jpg,wheaten_terrier
root,english_cocker_spaniel_126.jpg,english_cocker_spaniel
root,yorkshire_terrier_172.jpg,yorkshire_terrier
root,yorkshire_terrier_166.jpg,yorkshire_terrier
root,american_bulldog_14.jpg,american_bulldog
root,english_cocker_spaniel_132.jpg,english_cocker_spaniel
root,wheaten_terrier_190.jpg,wheaten_terrier
root,pug_165.jpg,pug
root,pug_171.jpg,pug
root,chihuahua_139.jpg,chihuahua
root,wheaten_terrier_184.jpg,wheaten_terrier
root,chihuahua_111.jpg,chihuahua
root,pug_159.jpg,pug
root,newfoundland_11.jpg,newfoundland
root,chihuahua_105.jpg,chihuahua
root,chihuahua_104.jpg,chihuahua
root,chihuahua_110.jpg,chihuahua
root,newfoundland_10.jpg,newfoundland
root,pug_158.jpg,pug
root,pug_170.jpg,pug
root,wheaten_terrier_185.jpg,wheaten_terrier
root,chihuahua_138.jpg,chihuahua
root,pug_164.jpg,pug
root,yorkshire_terrier_167.jpg,yorkshire_terrier
root,english_cocker_spaniel_133.jpg,english_cocker_spaniel
root,american_bulldog_15.jpg,american_bulldog
root,english_cocker_spaniel_127.jpg,english_cocker_spaniel
root,yorkshire_terrier_173.jpg,yorkshire_terrier
root,basset_hound_18.jpg,basset_hound
root,japanese_chin_122.jpg,japanese_chin
root,wheaten_terrier_146.jpg,wheaten_terrier
root,wheaten_terrier_152.jpg,wheaten_terrier
root,japanese_chin_136.jpg,japanese_chin
root,samoyed_138.jpg,samoyed
root,chihuahua_10.jpg,chihuahua
root,miniature_pinscher_139.jpg,miniature_pinscher
root,miniature_pinscher_111.jpg,miniature_pinscher
root,beagle_188.jpg,beagle
root,keeshond_123.jpg,keeshond
root,samoyed_104.jpg,samoyed
root,staffordshire_bull_terrier_188.jpg,staffordshire_bull_terrier
root,samoyed_110.jpg,samoyed
root,keeshond_137.jpg,keeshond
root,miniature_pinscher_105.jpg,miniature_pinscher
root,beagle_177.jpg,beagle
root,staffordshire_bull_terrier_163.jpg,staffordshire_bull_terrier
root,staffordshire_bull_terrier_177.jpg,staffordshire_bull_terrier
root,miniature_pinscher_15.jpg,miniature_pinscher
root,beagle_163.jpg,beagle
root,american_bulldog_126.jpg,american_bulldog
root,german_shorthaired_17.jpg,german_shorthaired_pointer
root,american_bulldog_132.jpg,american_bulldog
root,great_pyrenees_128.jpg,great_pyrenees
root,boxer_108.jpg,boxer
root,havanese_160.jpg,havanese
root,samoyed_16.jpg,samoyed
root,american_pit_bull_terrier_15.jpg,american_pit_bull_terrier
root,leonberger_178.jpg,leonberger
root,havanese_174.jpg,havanese
root,leonberger_150.jpg,leonberger
root,great_pyrenees_114.jpg,great_pyrenees
root,boxer_134.jpg,boxer
root,great_pyrenees_100.jpg,great_pyrenees
root,boxer_120.jpg,boxer
root,leonberger_144.jpg,leonberger
root,havanese_148.jpg,havanese
root,american_pit_bull_terrier_129.jpg,american_pit_bull_terrier
root,american_pit_bull_terrier_115.jpg,american_pit_bull_terrier
root,american_pit_bull_terrier_101.jpg,american_pit_bull_terrier
root,leonberger_187.jpg,leonberger
root,wheaten_terrier_12.jpg,wheaten_terrier
root,scottish_terrier_141.jpg,scottish_terrier
root,saint_bernard_162.jpg,saint_bernard
root,shiba_inu_179.jpg,shiba_inu
root,saint_bernard_176.jpg,saint_bernard
root,scottish_terrier_155.jpg,scottish_terrier
root,basset_hound_149.jpg,basset_hound
root,german_shorthaired_181.jpg,german_shorthaired_pointer
root,newfoundland_187.jpg,newfoundland
root,basset_hound_161.jpg,basset_hound
root,scottish_terrier_169.jpg,scottish_terrier
root,basset_hound_175.jpg,basset_hound
root,shiba_inu_145.jpg,shiba_inu
root,shiba_inu_18.jpg,shiba_inu
root,newfoundland_178.jpg,newfoundland
root,pomeranian_16.jpg,pomeranian
root,scottish_terrier_182.jpg,scottish_terrier
root,pomeranian_139.jpg,pomeranian
root,english_setter_103.jpg,english_setter
root,german_shorthaired_142.jpg,german_shorthaired_pointer
root,shiba_inu_192.jpg,shiba_inu
root,pomeranian_111.jpg,pomeranian
root,newfoundland_144.jpg,newfoundland
root,saint_bernard_189.jpg,saint_bernard
root,shiba_inu_186.jpg,shiba_inu
root,pomeranian_105.jpg,pomeranian
root,newfoundland_150.jpg,newfoundland
root,german_shorthaired_156.jpg,german_shorthaired_pointer
root,english_setter_117.jpg,english_setter
root,newfoundland_149.jpg,newfoundland
root,saint_bernard_190.jpg,saint_bernard
root,pomeranian_108.jpg,pomeranian
root,saint_bernard_184.jpg,saint_bernard
root,german_shorthaired_173.jpg,german_shorthaired_pointer
root,english_setter_132.jpg,english_setter
root,newfoundland_175.jpg,newfoundland
root,pomeranian_120.jpg,pomeranian
root,basset_hound_187.jpg,basset_hound
root,newfoundland_161.jpg,newfoundland
root,pomeranian_134.jpg,pomeranian
root,english_setter_126.jpg,english_setter
root,german_shorthaired_167.jpg,german_shorthaired_pointer
root,saint_bernard_153.jpg,saint_bernard
root,scottish_terrier_170.jpg,scottish_terrier
root,basset_hound_178.jpg,basset_hound
root,scottish_terrier_164.jpg,scottish_terrier
root,saint_bernard_147.jpg,saint_bernard
root,shiba_inu_15.jpg,shiba_inu
root,pug_10.jpg,pug
root,basset_hound_150.jpg,basset_hound
root,shiba_inu_160.jpg,shiba_inu
root,shiba_inu_174.jpg,shiba_inu
root,basset_hound_144.jpg,basset_hound
root,scottish_terrier_158.jpg,scottish_terrier
root,american_pit_bull_terrier_118.jpg,american_pit_bull_terrier
root,havanese_186.jpg,havanese
root,american_pit_bull_terrier_124.jpg,american_pit_bull_terrier
root,american_pit_bull_terrier_130.jpg,american_pit_bull_terrier
root,havanese_151.jpg,havanese
root,boxer_139.jpg,boxer
root,great_pyrenees_119.jpg,great_pyrenees
root,leonberger_149.jpg,leonberger
root,havanese_145.jpg,havanese
root,boxer_105.jpg,boxer
root,great_pyrenees_125.jpg,great_pyrenees
root,leonberger_161.jpg,leonberger
root,american_pit_bull_terrier_18.jpg,american_pit_bull_terrier
root,leonberger_175.jpg,leonberger
root,havanese_179.jpg,havanese
root,boxer_111.jpg,boxer
root,great_pyrenees_131.jpg,great_pyrenees
root,beagle_146.jpg,beagle
root,staffordshire_bull_terrier_152.jpg,staffordshire_bull_terrier
root,beagle_152.jpg,beagle
root,american_bulldog_117.jpg,american_bulldog
root,miniature_pinscher_18.jpg,miniature_pinscher
root,american_bulldog_103.jpg,american_bulldog
root,beagle_185.jpg,beagle
root,samoyed_109.jpg,samoyed
root,staffordshire_bull_terrier_191.jpg,staffordshire_bull_terrier
root,staffordshire_bull_terrier_185.jpg,staffordshire_bull_terrier
root,beagle_191.jpg,beagle
root,miniature_pinscher_108.jpg,miniature_pinscher
root,keeshond_112.jpg,keeshond
root,miniature_pinscher_120.jpg,miniature_pinscher
root,samoyed_135.jpg,samoyed
root,samoyed_121.jpg,samoyed
root,miniature_pinscher_134.jpg,miniature_pinscher
root,keeshond_106.jpg,keeshond
root,basset_hound_15.jpg,basset_hound
root,yorkshire_terrier_156.jpg,yorkshire_terrier
root,english_cocker_spaniel_102.jpg,english_cocker_spaniel
root,english_cocker_spaniel_116.jpg,english_cocker_spaniel
root,yorkshire_terrier_142.jpg,yorkshire_terrier
root,japanese_chin_113.jpg,japanese_chin
root,pug_182.jpg,pug
root,wheaten_terrier_177.jpg,wheaten_terrier
root,american_bulldog_18.jpg,american_bulldog
root,wheaten_terrier_163.jpg,wheaten_terrier
root,japanese_chin_107.jpg,japanese_chin
root,chihuahua_135.jpg,chihuahua
root,wheaten_terrier_188.jpg,wheaten_terrier
root,chihuahua_121.jpg,chihuahua
root,yorkshire_terrier_181.jpg,yorkshire_terrier
root,pug_169.jpg,pug
root,pug_141.jpg,pug
root,chihuahua_109.jpg,chihuahua
root,saint_bernard_17.jpg,saint_bernard
root,pug_155.jpg,pug
root,saint_bernard_16.jpg,saint_bernard
root,pug_154.jpg,pug
root,pug_140.jpg,pug
root,chihuahua_108.jpg,chihuahua
root,chihuahua_120.jpg,chihuahua
root,pug_168.jpg,pug
root,yorkshire_terrier_180.jpg,yorkshire_terrier
root,wheaten_terrier_189.jpg,wheaten_terrier
root,chihuahua_134.jpg,chihuahua
root,wheaten_terrier_162.jpg,wheaten_terrier
root,japanese_chin_106.jpg,japanese_chin
root,pug_183.jpg,pug
root,japanese_chin_112.jpg,japanese_chin
root,american_bulldog_19.jpg,american_bulldog
root,wheaten_terrier_176.jpg,wheaten_terrier
root,english_cocker_spaniel_117.jpg,english_cocker_spaniel
root,yorkshire_terrier_143.jpg,yorkshire_terrier
root,yorkshire_terrier_157.jpg,yorkshire_terrier
root,basset_hound_14.jpg,basset_hound
root,english_cocker_spaniel_103.jpg,english_cocker_spaniel
root,samoyed_120.jpg,samoyed
root,keeshond_107.jpg,keeshond
root,miniature_pinscher_135.jpg,miniature_pinscher
root,miniature_pinscher_121.jpg,miniature_pinscher
root,keeshond_113.jpg,keeshond
root,samoyed_134.jpg,samoyed
root,staffordshire_bull_terrier_184.jpg,staffordshire_bull_terrier
root,miniature_pinscher_109.jpg,miniature_pinscher
root,beagle_190.jpg,beagle
root,beagle_184.jpg,beagle
root,staffordshire_bull_terrier_190.jpg,staffordshire_bull_terrier
root,samoyed_108.jpg,samoyed
root,american_bulldog_102.jpg,american_bulldog
root,american_bulldog_116.jpg,american_bulldog
root,staffordshire_bull_terrier_147.jpg,staffordshire_bull_terrier
root,beagle_153.jpg,beagle
root,beagle_147.jpg,beagle
root,great_pyrenees_130.jpg,great_pyrenees
root,boxer_110.jpg,boxer
root,havanese_178.jpg,havanese
root,leonberger_174.jpg,leonberger
root,leonberger_160.jpg,leonberger
root,great_pyrenees_124.jpg,great_pyrenees
root,boxer_104.jpg,boxer
root,havanese_144.jpg,havanese
root,leonberger_148.jpg,leonberger
root,great_pyrenees_118.jpg,great_pyrenees
root,boxer_138.jpg,boxer
root,havanese_150.jpg,havanese
root,american_pit_bull_terrier_131.jpg,american_pit_bull_terrier
root,american_pit_bull_terrier_125.jpg,american_pit_bull_terrier
root,havanese_187.jpg,havanese
root,american_pit_bull_terrier_119.jpg,american_pit_bull_terrier
root,scottish_terrier_159.jpg,scottish_terrier
root,basset_hound_145.jpg,basset_hound
root,shiba_inu_175.jpg,shiba_inu
root,pug_11.jpg,pug
root,shiba_inu_161.jpg,shiba_inu
root,basset_hound_151.jpg,basset_hound
root,saint_bernard_146.jpg,saint_bernard
root,scottish_terrier_165.jpg,scottish_terrier
root,basset_hound_179.jpg,basset_hound
root,shiba_inu_14.jpg,shiba_inu
root,scottish_terrier_171.jpg,scottish_terrier
root,saint_bernard_152.jpg,saint_bernard
root,pomeranian_135.jpg,pomeranian
root,newfoundland_160.jpg,newfoundland
root,basset_hound_186.jpg,basset_hound
root,german_shorthaired_166.jpg,german_shorthaired_pointer
root,english_setter_127.jpg,english_setter
root,english_setter_133.jpg,english_setter
root,german_shorthaired_172.jpg,german_shorthaired_pointer
root,pomeranian_121.jpg,pomeranian
root,newfoundland_174.jpg,newfoundland
root,saint_bernard_185.jpg,saint_bernard
root,pomeranian_109.jpg,pomeranian
root,newfoundland_148.jpg,newfoundland
root,german_shorthaired_158.jpg,german_shorthaired_pointer
root,english_setter_119.jpg,english_setter
root,saint_bernard_187.jpg,saint_bernard
root,english_setter_125.jpg,english_setter
root,german_shorthaired_164.jpg,german_shorthaired_pointer
root,basset_hound_184.jpg,basset_hound
root,pomeranian_137.jpg,pomeranian
root,newfoundland_162.jpg,newfoundland
root,pomeranian_123.jpg,pomeranian
root,newfoundland_176.jpg,newfoundland
root,pomeranian_18.jpg,pomeranian
root,basset_hound_190.jpg,basset_hound
root,german_shorthaired_170.jpg,german_shorthaired_pointer
root,english_setter_131.jpg,english_setter
root,shiba_inu_16.jpg,shiba_inu
root,scottish_terrier_167.jpg,scottish_terrier
root,saint_bernard_144.jpg,saint_bernard
root,saint_bernard_150.jpg,saint_bernard
root,newfoundland_189.jpg,newfoundland
root,scottish_terrier_173.jpg,scottish_terrier
root,saint_bernard_178.jpg,saint_bernard
root,shiba_inu_177.jpg,shiba_inu
root,basset_hound_147.jpg,basset_hound
root,basset_hound_153.jpg,basset_hound
root,shiba_inu_163.jpg,shiba_inu
root,pug_13.jpg,pug
root,leonberger_189.jpg,leonberger
root,havanese_185.jpg,havanese
root,american_pit_bull_terrier_133.jpg,american_pit_bull_terrier
root,american_pit_bull_terrier_127.jpg,american_pit_bull_terrier
root,havanese_146.jpg,havanese
root,havanese_152.jpg,havanese
root,leonberger_176.jpg,leonberger
root,boxer_112.jpg,boxer
root,great_pyrenees_132.jpg,great_pyrenees
root,boxer_106.jpg,boxer
root,great_pyrenees_126.jpg,great_pyrenees
root,leonberger_162.jpg,leonberger
root,samoyed_18.jpg,samoyed
root,beagle_151.jpg,beagle
root,staffordshire_bull_terrier_145.jpg,staffordshire_bull_terrier
root,staffordshire_bull_terrier_151.jpg,staffordshire_bull_terrier
root,american_bulldog_128.jpg,american_bulldog
root,beagle_145.jpg,beagle
root,american_bulldog_100.jpg,american_bulldog
root,staffordshire_bull_terrier_179.jpg,staffordshire_bull_terrier
root,beagle_179.jpg,beagle
root,american_bulldog_114.jpg,american_bulldog
root,keeshond_139.jpg,keeshond
root,beagle_192.jpg,beagle
root,staffordshire_bull_terrier_186.jpg,staffordshire_bull_terrier
root,staffordshire_bull_terrier_192.jpg,staffordshire_bull_terrier
root,beagle_186.jpg,beagle
root,miniature_pinscher_137.jpg,miniature_pinscher
root,keeshond_105.jpg,keeshond
root,samoyed_122.jpg,samoyed
root,samoyed_136.jpg,samoyed
root,keeshond_111.jpg,keeshond
root,miniature_pinscher_123.jpg,miniature_pinscher
root,japanese_chin_138.jpg,japanese_chin
root,yorkshire_terrier_141.jpg,yorkshire_terrier
root,english_cocker_spaniel_115.jpg,english_cocker_spaniel
root,wheaten_terrier_148.jpg,wheaten_terrier
root,english_cocker_spaniel_101.jpg,english_cocker_spaniel
root,basset_hound_16.jpg,basset_hound
root,yorkshire_terrier_155.jpg,yorkshire_terrier
root,japanese_chin_104.jpg,japanese_chin
root,wheaten_terrier_160.jpg,wheaten_terrier
root,english_cocker_spaniel_129.jpg,english_cocker_spaniel
root,wheaten_terrier_174.jpg,wheaten_terrier
root,japanese_chin_110.jpg,japanese_chin
root,pug_181.jpg,pug
root,yorkshire_terrier_169.jpg,yorkshire_terrier
root,yorkshire_terrier_182.jpg,yorkshire_terrier
root,chihuahua_122.jpg,chihuahua
root,chihuahua_136.jpg,chihuahua
root,pug_156.jpg,pug
root,saint_bernard_14.jpg,saint_bernard
root,pug_142.jpg,pug
root,pug_143.jpg,pug
root,pug_157.jpg,pug
root,chihuahua_137.jpg,chihuahua
root,yorkshire_terrier_183.jpg,yorkshire_terrier
root,chihuahua_123.jpg,chihuahua
root,wheaten_terrier_175.jpg,wheaten_terrier
root,yorkshire_terrier_168.jpg,yorkshire_terrier
root,pug_180.jpg,pug
root,japanese_chin_111.jpg,japanese_chin
root,japanese_chin_105.jpg,japanese_chin
root,english_cocker_spaniel_128.jpg,english_cocker_spaniel
root,wheaten_terrier_161.jpg,wheaten_terrier
root,english_cocker_spaniel_100.jpg,english_cocker_spaniel
root,wheaten_terrier_149.jpg,wheaten_terrier
root,yorkshire_terrier_154.jpg,yorkshire_terrier
root,basset_hound_17.jpg,basset_hound
root,yorkshire_terrier_140.jpg,yorkshire_terrier
root,japanese_chin_139.jpg,japanese_chin
root,english_cocker_spaniel_114.jpg,english_cocker_spaniel
root,samoyed_137.jpg,samoyed
root,miniature_pinscher_122.jpg,miniature_pinscher
root,keeshond_110.jpg,keeshond
root,keeshond_104.jpg,keeshond
root,miniature_pinscher_136.jpg,miniature_pinscher
root,samoyed_123.jpg,samoyed
root,beagle_187.jpg,beagle
root,beagle_193.jpg,beagle
root,keeshond_138.jpg,keeshond
root,american_bulldog_115.jpg,american_bulldog
root,beagle_178.jpg,beagle
root,american_bulldog_101.jpg,american_bulldog
root,staffordshire_bull_terrier_150.jpg,staffordshire_bull_terrier
root,beagle_144.jpg,beagle
root,american_bulldog_129.jpg,american_bulldog
root,german_shorthaired_18.jpg,german_shorthaired_pointer
root,beagle_150.jpg,beagle
root,staffordshire_bull_terrier_144.jpg,staffordshire_bull_terrier
root,leonberger_163.jpg,leonberger
root,great_pyrenees_127.jpg,great_pyrenees
root,boxer_107.jpg,boxer
root,great_pyrenees_133.jpg,great_pyrenees
root,boxer_113.jpg,boxer
root,leonberger_177.jpg,leonberger
root,havanese_153.jpg,havanese
root,havanese_147.jpg,havanese
root,american_pit_bull_terrier_126.jpg,american_pit_bull_terrier
root,american_pit_bull_terrier_132.jpg,american_pit_bull_terrier
root,havanese_190.jpg,havanese
root,havanese_184.jpg,havanese
root,leonberger_188.jpg,leonberger
root,shiba_inu_162.jpg,shiba_inu
root,basset_hound_152.jpg,basset_hound
root,pug_12.jpg,pug
root,basset_hound_146.jpg,basset_hound
root,shiba_inu_176.jpg,shiba_inu
root,saint_bernard_179.jpg,saint_bernard
root,scottish_terrier_172.jpg,scottish_terrier
root,newfoundland_188.jpg,newfoundland
root,saint_bernard_151.jpg,saint_bernard
root,saint_bernard_145.jpg,saint_bernard
root,scottish_terrier_166.jpg,scottish_terrier
root,newfoundland_177.jpg,newfoundland
root,pomeranian_122.jpg,pomeranian
root,english_setter_130.jpg,english_setter
root,german_shorthaired_171.jpg,german_shorthaired_pointer
root,german_shorthaired_165.jpg,german_shorthaired_pointer
root,english_setter_124.jpg,english_setter
root,newfoundland_163.jpg,newfoundland
root,pomeranian_136.jpg,pomeranian
root,basset_hound_185.jpg,basset_hound
root,english_setter_118.jpg,english_setter
root,german_shorthaired_159.jpg,german_shorthaired_pointer
root,saint_bernard_186.jpg,saint_bernard
root,shiba_inu_189.jpg,shiba_inu
root,basset_hound_181.jpg,basset_hound
root,pomeranian_132.jpg,pomeranian
root,newfoundland_167.jpg,newfoundland
root,english_setter_120.jpg,english_setter
root,german_shorthaired_161.jpg,german_shorthaired_pointer
root,german_shorthaired_175.jpg,german_shorthaired_pointer
root,english_setter_134.jpg,english_setter
root,pomeranian_126.jpg,pomeranian
root,newfoundland_173.jpg,newfoundland
root,scottish_terrier_189.jpg,scottish_terrier
root,saint_bernard_182.jpg,saint_bernard
root,english_setter_108.jpg,english_setter
root,german_shorthaired_149.jpg,german_shorthaired_pointer
root,shiba_inu_199.jpg,shiba_inu
root,shiba_inu_172.jpg,shiba_inu
root,basset_hound_142.jpg,basset_hound
root,pug_16.jpg,pug
root,basset_hound_156.jpg,basset_hound
root,saint_bernard_169.jpg,saint_bernard
root,shiba_inu_166.jpg,shiba_inu
root,scottish_terrier_162.jpg,scottish_terrier
root,saint_bernard_141.jpg,saint_bernard
root,shiba_inu_13.jpg,shiba_inu
root,saint_bernard_155.jpg,saint_bernard
root,scottish_terrier_176.jpg,scottish_terrier
root,american_pit_bull_terrier_136.jpg,american_pit_bull_terrier
root,american_pit_bull_terrier_122.jpg,american_pit_bull_terrier
root,havanese_180.jpg,havanese
root,leonberger_173.jpg,leonberger
root,boxer_117.jpg,boxer
root,great_pyrenees_137.jpg,great_pyrenees
root,boxer_103.jpg,boxer
root,great_pyrenees_123.jpg,great_pyrenees
root,leonberger_167.jpg,leonberger
root,havanese_143.jpg,havanese
root,havanese_157.jpg,havanese
root,american_bulldog_105.jpg,american_bulldog
root,beagle_168.jpg,beagle
root,american_bulldog_111.jpg,american_bulldog
root,staffordshire_bull_terrier_168.jpg,staffordshire_bull_terrier
root,staffordshire_bull_terrier_140.jpg,staffordshire_bull_terrier
root,beagle_154.jpg,beagle
root,american_bulldog_139.jpg,american_bulldog
root,beagle_140.jpg,beagle
root,staffordshire_bull_terrier_154.jpg,staffordshire_bull_terrier
root,samoyed_127.jpg,samoyed
root,miniature_pinscher_132.jpg,miniature_pinscher
root,keeshond_100.jpg,keeshond
root,keeshond_114.jpg,keeshond
root,miniature_pinscher_126.jpg,miniature_pinscher
root,samoyed_133.jpg,samoyed
root,staffordshire_bull_terrier_183.jpg,staffordshire_bull_terrier
root,beagle_183.jpg,beagle
root,keeshond_128.jpg,keeshond
root,staffordshire_bull_terrier_197.jpg,staffordshire_bull_terrier
root,wheaten_terrier_165.jpg,wheaten_terrier
root,pug_190.jpg,pug
root,japanese_chin_101.jpg,japanese_chin
root,yorkshire_terrier_178.jpg,yorkshire_terrier
root,japanese_chin_115.jpg,japanese_chin
root,pug_184.jpg,pug
root,english_cocker_spaniel_138.jpg,english_cocker_spaniel
root,wheaten_terrier_171.jpg,wheaten_terrier
root,english_cocker_spaniel_110.jpg,english_cocker_spaniel
root,wheaten_terrier_159.jpg,wheaten_terrier
root,yorkshire_terrier_144.jpg,yorkshire_terrier
root,japanese_chin_129.jpg,japanese_chin
root,basset_hound_13.jpg,basset_hound
root,yorkshire_terrier_150.jpg,yorkshire_terrier
root,english_cocker_spaniel_104.jpg,english_cocker_spaniel
root,saint_bernard_11.jpg,saint_bernard
root,pug_153.jpg,pug
root,pug_147.jpg,pug
root,chihuahua_127.jpg,chihuahua
root,yorkshire_terrier_187.jpg,yorkshire_terrier
root,chihuahua_133.jpg,chihuahua
root,chihuahua_132.jpg,chihuahua
root,chihuahua_126.jpg,chihuahua
root,yorkshire_terrier_186.jpg,yorkshire_terrier
root,pug_146.jpg,pug
root,saint_bernard_10.jpg,saint_bernard
root,yorkshire_terrier_151.jpg,yorkshire_terrier
root,basset_hound_12.jpg,basset_hound
root,japanese_chin_128.jpg,japanese_chin
root,english_cocker_spaniel_105.jpg,english_cocker_spaniel
root,wheaten_terrier_158.jpg,wheaten_terrier
root,english_cocker_spaniel_111.jpg,english_cocker_spaniel
root,yorkshire_terrier_145.jpg,yorkshire_terrier
root,pug_185.jpg,pug
root,japanese_chin_114.jpg,japanese_chin
root,wheaten_terrier_170.jpg,wheaten_terrier
root,english_cocker_spaniel_139.jpg,english_cocker_spaniel
root,wheaten_terrier_164.jpg,wheaten_terrier
root,yorkshire_terrier_179.jpg,yorkshire_terrier
root,japanese_chin_100.jpg,japanese_chin
root,pug_191.jpg,pug
root,keeshond_129.jpg,keeshond
root,beagle_182.jpg,beagle
root,staffordshire_bull_terrier_196.jpg,staffordshire_bull_terrier
root,miniature_pinscher_127.jpg,miniature_pinscher
root,keeshond_115.jpg,keeshond
root,samoyed_132.jpg,samoyed
root,samoyed_126.jpg,samoyed
root,keeshond_101.jpg,keeshond
root,miniature_pinscher_133.jpg,miniature_pinscher
root,beagle_141.jpg,beagle
root,staffordshire_bull_terrier_155.jpg,staffordshire_bull_terrier
root,staffordshire_bull_terrier_141.jpg,staffordshire_bull_terrier
root,american_bulldog_138.jpg,american_bulldog
root,beagle_155.jpg,beagle
root,american_bulldog_110.jpg,american_bulldog
root,staffordshire_bull_terrier_169.jpg,staffordshire_bull_terrier
root,beagle_169.jpg,beagle
root,american_bulldog_104.jpg,american_bulldog
root,havanese_156.jpg,havanese
root,havanese_142.jpg,havanese
root,leonberger_166.jpg,leonberger
root,great_pyrenees_122.jpg,great_pyrenees
root,boxer_102.jpg,boxer
root,great_pyrenees_136.jpg,great_pyrenees
root,boxer_116.jpg,boxer
root,leonberger_172.jpg,leonberger
root,havanese_181.jpg,havanese
root,american_pit_bull_terrier_123.jpg,american_pit_bull_terrier
root,american_pit_bull_terrier_137.jpg,american_pit_bull_terrier
root,scottish_terrier_177.jpg,scottish_terrier
root,saint_bernard_154.jpg,saint_bernard
root,saint_bernard_140.jpg,saint_bernard
root,scottish_terrier_163.jpg,scottish_terrier
root,shiba_inu_12.jpg,shiba_inu
root,wheaten_terrier_18.jpg,wheaten_terrier
root,pug_17.jpg,pug
root,saint_bernard_168.jpg,saint_bernard
root,basset_hound_157.jpg,basset_hound
root,basset_hound_143.jpg,basset_hound
root,shiba_inu_173.jpg,shiba_inu
root,german_shorthaired_148.jpg,german_shorthaired_pointer
root,english_setter_109.jpg,english_setter
root,shiba_inu_198.jpg,shiba_inu
root,saint_bernard_183.jpg,saint_bernard
root,english_setter_135.jpg,english_setter
root,german_shorthaired_174.jpg,german_shorthaired_pointer
root,scottish_terrier_188.jpg,scottish_terrier
root,newfoundland_172.jpg,newfoundland
root,pomeranian_127.jpg,pomeranian
root,newfoundland_166.jpg,newfoundland
root,pomeranian_133.jpg,pomeranian
root,basset_hound_180.jpg,basset_hound
root,german_shorthaired_160.jpg,german_shorthaired_pointer
root,english_setter_121.jpg,english_setter
root,newfoundland_170.jpg,newfoundland
root,pomeranian_125.jpg,pomeranian
root,german_shorthaired_176.jpg,german_shorthaired_pointer
root,english_setter_137.jpg,english_setter
root,english_setter_123.jpg,english_setter
root,german_shorthaired_162.jpg,german_shorthaired_pointer
root,basset_hound_182.jpg,basset_hound
root,newfoundland_164.jpg,newfoundland
root,pomeranian_131.jpg,pomeranian
root,pomeranian_119.jpg,pomeranian
root,newfoundland_158.jpg,newfoundland
root,saint_bernard_181.jpg,saint_bernard
root,basset_hound_155.jpg,basset_hound
root,scottish_terrier_149.jpg,scottish_terrier
root,shiba_inu_165.jpg,shiba_inu
root,pug_15.jpg,pug
root,shiba_inu_171.jpg,shiba_inu
root,basset_hound_141.jpg,basset_hound
root,saint_bernard_156.jpg,saint_bernard
root,shiba_inu_159.jpg,shiba_inu
root,basset_hound_169.jpg,basset_hound
root,scottish_terrier_175.jpg,scottish_terrier
root,german_shorthaired_189.jpg,german_shorthaired_pointer
root,shiba_inu_10.jpg,shiba_inu
root,scottish_terrier_161.jpg,scottish_terrier
root,saint_bernard_142.jpg,saint_bernard
root,american_pit_bull_terrier_121.jpg,american_pit_bull_terrier
root,american_pit_bull_terrier_135.jpg,american_pit_bull_terrier
root,havanese_183.jpg,havanese
root,american_pit_bull_terrier_109.jpg,american_pit_bull_terrier
root,boxer_100.jpg,boxer
root,great_pyrenees_120.jpg,great_pyrenees
root,havanese_168.jpg,havanese
root,leonberger_164.jpg,leonberger
root,leonberger_170.jpg,leonberger
root,boxer_114.jpg,boxer
root,great_pyrenees_134.jpg,great_pyrenees
root,havanese_154.jpg,havanese
root,leonberger_158.jpg,leonberger
root,boxer_128.jpg,boxer
root,great_pyrenees_108.jpg,great_pyrenees
root,havanese_140.jpg,havanese
root,american_bulldog_112.jpg,american_bulldog
root,american_bulldog_106.jpg,american_bulldog
root,beagle_143.jpg,beagle
root,beagle_157.jpg,beagle
root,staffordshire_bull_terrier_143.jpg,staffordshire_bull_terrier
root,samoyed_130.jpg,samoyed
root,chihuahua_18.jpg,chihuahua
root,keeshond_117.jpg,keeshond
root,miniature_pinscher_125.jpg,miniature_pinscher
root,miniature_pinscher_131.jpg,miniature_pinscher
root,keeshond_103.jpg,keeshond
root,samoyed_124.jpg,samoyed
root,staffordshire_bull_terrier_194.jpg,staffordshire_bull_terrier
root,beagle_180.jpg,beagle
root,miniature_pinscher_119.jpg,miniature_pinscher
root,beagle_194.jpg,beagle
root,samoyed_118.jpg,samoyed
root,staffordshire_bull_terrier_180.jpg,staffordshire_bull_terrier
root,wheaten_terrier_172.jpg,wheaten_terrier
root,japanese_chin_116.jpg,japanese_chin
root,pug_187.jpg,pug
root,japanese_chin_102.jpg,japanese_chin
root,wheaten_terrier_166.jpg,wheaten_terrier
root,english_cocker_spaniel_107.jpg,english_cocker_spaniel
root,basset_hound_10.jpg,basset_hound
root,yorkshire_terrier_153.jpg,yorkshire_terrier
root,yorkshire_terrier_147.jpg,yorkshire_terrier
root,english_cocker_spaniel_113.jpg,english_cocker_spaniel
root,pug_144.jpg,pug
root,pug_150.jpg,pug
root,newfoundland_18.jpg,newfoundland
root,saint_bernard_12.jpg,saint_bernard
root,chihuahua_118.jpg,chihuahua
root,chihuahua_130.jpg,chihuahua
root,yorkshire_terrier_190.jpg,yorkshire_terrier
root,pug_178.jpg,pug
root,yorkshire_terrier_184.jpg,yorkshire_terrier
root,chihuahua_124.jpg,chihuahua
root,yorkshire_terrier_185.jpg,yorkshire_terrier
root,chihuahua_125.jpg,chihuahua
root,chihuahua_131.jpg,chihuahua
root,pug_179.jpg,pug
root,pug_151.jpg,pug
root,chihuahua_119.jpg,chihuahua
root,saint_bernard_13.jpg,saint_bernard
root,pug_145.jpg,pug
root,yorkshire_terrier_146.jpg,yorkshire_terrier
root,english_cocker_spaniel_112.jpg,english_cocker_spaniel
root,english_cocker_spaniel_106.jpg,english_cocker_spaniel
root,yorkshire_terrier_152.jpg,yorkshire_terrier
root,basset_hound_11.jpg,basset_hound
root,japanese_chin_103.jpg,japanese_chin
root,pug_192.jpg,pug
root,wheaten_terrier_167.jpg,wheaten_terrier
root,wheaten_terrier_173.jpg,wheaten_terrier
root,pug_186.jpg,pug
root,japanese_chin_117.jpg,japanese_chin
root,staffordshire_bull_terrier_181.jpg,staffordshire_bull_terrier
root,samoyed_119.jpg,samoyed
root,staffordshire_bull_terrier_195.jpg,staffordshire_bull_terrier
root,miniature_pinscher_118.jpg,miniature_pinscher
root,beagle_181.jpg,beagle
root,keeshond_102.jpg,keeshond
root,miniature_pinscher_130.jpg,miniature_pinscher
root,samoyed_125.jpg,samoyed
root,samoyed_131.jpg,samoyed
root,miniature_pinscher_124.jpg,miniature_pinscher
root,keeshond_116.jpg,keeshond
root,beagle_156.jpg,beagle
root,staffordshire_bull_terrier_156.jpg,staffordshire_bull_terrier
root,beagle_142.jpg,beagle
root,american_bulldog_107.jpg,american_bulldog
root,american_bulldog_113.jpg,american_bulldog
root,havanese_141.jpg,havanese
root,great_pyrenees_109.jpg,great_pyrenees
root,boxer_129.jpg,boxer
root,leonberger_159.jpg,leonberger
root,havanese_155.jpg,havanese
root,great_pyrenees_135.jpg,great_pyrenees
root,boxer_115.jpg,boxer
root,leonberger_171.jpg,leonberger
root,leonberger_165.jpg,leonberger
root,havanese_169.jpg,havanese
root,great_pyrenees_121.jpg,great_pyrenees
root,boxer_101.jpg,boxer
root,havanese_182.jpg,havanese
root,american_pit_bull_terrier_108.jpg,american_pit_bull_terrier
root,american_pit_bull_terrier_134.jpg,american_pit_bull_terrier
root,american_pit_bull_terrier_120.jpg,american_pit_bull_terrier
root,shiba_inu_11.jpg,shiba_inu
root,saint_bernard_143.jpg,saint_bernard
root,scottish_terrier_160.jpg,scottish_terrier
root,scottish_terrier_174.jpg,scottish_terrier
root,basset_hound_168.jpg,basset_hound
root,shiba_inu_158.jpg,shiba_inu
root,saint_bernard_157.jpg,saint_bernard
root,german_shorthaired_188.jpg,german_shorthaired_pointer
root,basset_hound_140.jpg,basset_hound
root,shiba_inu_170.jpg,shiba_inu
root,shiba_inu_164.jpg,shiba_inu
root,scottish_terrier_148.jpg,scottish_terrier
root,basset_hound_154.jpg,basset_hound
root,pug_14.jpg,pug
root,saint_bernard_180.jpg,saint_bernard
root,newfoundland_159.jpg,newfoundland
root,pomeranian_118.jpg,pomeranian
root,german_shorthaired_163.jpg,german_shorthaired_pointer
root,english_setter_122.jpg,english_setter
root,pomeranian_130.jpg,pomeranian
root,newfoundland_165.jpg,newfoundland
root,basset_hound_183.jpg,basset_hound
root,pomeranian_124.jpg,pomeranian
root,newfoundland_171.jpg,newfoundland
root,english_setter_136.jpg,english_setter
root,german_shorthaired_177.jpg,german_shorthaired_pointer
root,english_setter_179.jpg,english_setter
root,german_shorthaired_138.jpg,german_shorthaired_pointer
root,pomeranian_143.jpg,pomeranian
root,newfoundland_116.jpg,newfoundland
root,american_bulldog_202.jpg,american_bulldog
root,english_setter_151.jpg,english_setter
root,german_shorthaired_110.jpg,german_shorthaired_pointer
root,german_shorthaired_104.jpg,german_shorthaired_pointer
root,english_setter_145.jpg,english_setter
root,pomeranian_157.jpg,pomeranian
root,newfoundland_102.jpg,newfoundland
root,scottish_terrier_113.jpg,scottish_terrier
root,saint_bernard_130.jpg,saint_bernard
root,saint_bernard_124.jpg,saint_bernard
root,scottish_terrier_107.jpg,scottish_terrier
root,shiba_inu_103.jpg,shiba_inu
root,pomeranian_180.jpg,pomeranian
root,basset_hound_133.jpg,basset_hound
root,english_setter_186.jpg,english_setter
root,basset_hound_127.jpg,basset_hound
root,saint_bernard_118.jpg,saint_bernard
root,shiba_inu_117.jpg,shiba_inu
root,leonberger_15.jpg,leonberger
root,boxer_17.jpg,boxer
root,american_pit_bull_terrier_147.jpg,american_pit_bull_terrier
root,great_pyrenees_185.jpg,great_pyrenees
root,keeshond_16.jpg,keeshond
root,american_pit_bull_terrier_153.jpg,american_pit_bull_terrier
root,havanese_132.jpg,havanese
root,english_cocker_spaniel_18.jpg,english_cocker_spaniel
root,havanese_126.jpg,havanese
root,american_pit_bull_terrier_184.jpg,american_pit_bull_terrier
root,leonberger_102.jpg,leonberger
root,boxer_166.jpg,boxer
root,great_pyrenees_146.jpg,great_pyrenees
root,boxer_172.jpg,boxer
root,great_pyrenees_152.jpg,great_pyrenees
root,leonberger_116.jpg,leonberger
root,american_pit_bull_terrier_190.jpg,american_pit_bull_terrier
root,staffordshire_bull_terrier_131.jpg,staffordshire_bull_terrier
root,beagle_125.jpg,beagle
root,american_bulldog_148.jpg,american_bulldog
root,beagle_131.jpg,beagle
root,staffordshire_bull_terrier_125.jpg,staffordshire_bull_terrier
root,beagle_14.jpg,beagle
root,american_bulldog_174.jpg,american_bulldog
root,miniature_pinscher_180.jpg,miniature_pinscher
root,beagle_119.jpg,beagle
root,yorkshire_terrier_15.jpg,yorkshire_terrier
root,staffordshire_bull_terrier_119.jpg,staffordshire_bull_terrier
root,staffordshire_bull_terrier_18.jpg,staffordshire_bull_terrier
root,samoyed_181.jpg,samoyed
root,keeshond_159.jpg,keeshond
root,samoyed_156.jpg,samoyed
root,miniature_pinscher_143.jpg,miniature_pinscher
root,keeshond_171.jpg,keeshond
root,keeshond_165.jpg,keeshond
root,miniature_pinscher_157.jpg,miniature_pinscher
root,samoyed_142.jpg,samoyed
root,english_cocker_spaniel_161.jpg,english_cocker_spaniel
root,wheaten_terrier_128.jpg,wheaten_terrier
root,yorkshire_terrier_135.jpg,yorkshire_terrier
root,japanese_chin_158.jpg,japanese_chin
root,yorkshire_terrier_121.jpg,yorkshire_terrier
root,chihuahua_181.jpg,chihuahua
root,english_cocker_spaniel_175.jpg,english_cocker_spaniel
root,wheaten_terrier_114.jpg,wheaten_terrier
root,japanese_chin_170.jpg,japanese_chin
root,yorkshire_terrier_109.jpg,yorkshire_terrier
root,japanese_chin_164.jpg,japanese_chin
root,scottish_terrier_11.jpg,scottish_terrier
root,english_cocker_spaniel_149.jpg,english_cocker_spaniel
root,wheaten_terrier_100.jpg,wheaten_terrier
root,havanese_18.jpg,havanese
root,chihuahua_156.jpg,chihuahua
root,chihuahua_142.jpg,chihuahua
root,english_setter_12.jpg,english_setter
root,great_pyrenees_15.jpg,great_pyrenees
root,pug_122.jpg,pug
root,pug_136.jpg,pug
root,pug_137.jpg,pug
root,pug_123.jpg,pug
root,great_pyrenees_14.jpg,great_pyrenees
root,english_setter_13.jpg,english_setter
root,chihuahua_143.jpg,chihuahua
root,chihuahua_157.jpg,chihuahua
root,scottish_terrier_10.jpg,scottish_terrier
root,japanese_chin_165.jpg,japanese_chin
root,wheaten_terrier_101.jpg,wheaten_terrier
root,english_cocker_spaniel_148.jpg,english_cocker_spaniel
root,wheaten_terrier_115.jpg,wheaten_terrier
root,yorkshire_terrier_108.jpg,yorkshire_terrier
root,japanese_chin_171.jpg,japanese_chin
root,yorkshire_terrier_120.jpg,yorkshire_terrier
root,japanese_chin_159.jpg,japanese_chin
root,english_cocker_spaniel_174.jpg,english_cocker_spaniel
root,chihuahua_180.jpg,chihuahua
root,wheaten_terrier_129.jpg,wheaten_terrier
root,english_cocker_spaniel_160.jpg,english_cocker_spaniel
root,yorkshire_terrier_134.jpg,yorkshire_terrier
root,miniature_pinscher_156.jpg,miniature_pinscher
root,keeshond_164.jpg,keeshond
root,samoyed_143.jpg,samoyed
root,samoyed_157.jpg,samoyed
root,keeshond_170.jpg,keeshond
root,miniature_pinscher_142.jpg,miniature_pinscher
root,keeshond_158.jpg,keeshond
root,american_bulldog_161.jpg,american_bulldog
root,yorkshire_terrier_14.jpg,yorkshire_terrier
root,samoyed_180.jpg,samoyed
root,staffordshire_bull_terrier_19.jpg,staffordshire_bull_terrier
root,staffordshire_bull_terrier_118.jpg,staffordshire_bull_terrier
root,beagle_118.jpg,beagle
root,miniature_pinscher_181.jpg,miniature_pinscher
root,american_bulldog_175.jpg,american_bulldog
root,beagle_130.jpg,beagle
root,beagle_15.jpg,beagle
root,staffordshire_bull_terrier_124.jpg,staffordshire_bull_terrier
root,staffordshire_bull_terrier_130.jpg,staffordshire_bull_terrier
root,american_bulldog_149.jpg,american_bulldog
root,beagle_124.jpg,beagle
root,leonberger_117.jpg,leonberger
root,great_pyrenees_153.jpg,great_pyrenees
root,boxer_173.jpg,boxer
root,american_pit_bull_terrier_185.jpg,american_pit_bull_terrier
root,great_pyrenees_147.jpg,great_pyrenees
root,boxer_167.jpg,boxer
root,leonberger_103.jpg,leonberger
root,havanese_127.jpg,havanese
root,havanese_133.jpg,havanese
root,keeshond_17.jpg,keeshond
root,great_pyrenees_190.jpg,great_pyrenees
root,american_pit_bull_terrier_152.jpg,american_pit_bull_terrier
root,american_pit_bull_terrier_146.jpg,american_pit_bull_terrier
root,great_pyrenees_184.jpg,great_pyrenees
root,boxer_16.jpg,boxer
root,leonberger_14.jpg,leonberger
root,english_setter_187.jpg,english_setter
root,shiba_inu_116.jpg,shiba_inu
root,saint_bernard_119.jpg,saint_bernard
root,basset_hound_126.jpg,basset_hound
root,basset_hound_132.jpg,basset_hound
root,pomeranian_181.jpg,pomeranian
root,shiba_inu_102.jpg,shiba_inu
root,scottish_terrier_106.jpg,scottish_terrier
root,saint_bernard_125.jpg,saint_bernard
root,saint_bernard_131.jpg,saint_bernard
root,scottish_terrier_112.jpg,scottish_terrier
root,english_setter_144.jpg,english_setter
root,german_shorthaired_105.jpg,german_shorthaired_pointer
root,newfoundland_103.jpg,newfoundland
root,pomeranian_156.jpg,pomeranian
root,newfoundland_117.jpg,newfoundland
root,pomeranian_142.jpg,pomeranian
root,german_shorthaired_111.jpg,german_shorthaired_pointer
root,english_setter_150.jpg,english_setter
root,german_shorthaired_139.jpg,german_shorthaired_pointer
root,english_setter_178.jpg,english_setter
root,pomeranian_168.jpg,pomeranian
root,staffordshire_bull_terrier_1.jpg,staffordshire_bull_terrier
root,newfoundland_129.jpg,newfoundland
root,newfoundland_101.jpg,newfoundland
root,pomeranian_154.jpg,pomeranian
root,german_shorthaired_107.jpg,german_shorthaired_pointer
root,english_setter_146.jpg,english_setter
root,english_setter_152.jpg,english_setter
root,german_shorthaired_113.jpg,german_shorthaired_pointer
root,newfoundland_115.jpg,newfoundland
root,pomeranian_140.jpg,pomeranian
root,american_bulldog_201.jpg,american_bulldog
root,saint_bernard_127.jpg,saint_bernard
root,shiba_inu_128.jpg,shiba_inu
root,basset_hound_118.jpg,basset_hound
root,scottish_terrier_104.jpg,scottish_terrier
root,scottish_terrier_110.jpg,scottish_terrier
root,saint_bernard_133.jpg,saint_bernard
root,basset_hound_124.jpg,basset_hound
root,scottish_terrier_138.jpg,scottish_terrier
root,shiba_inu_114.jpg,shiba_inu
root,english_setter_185.jpg,english_setter
root,shiba_inu_100.jpg,shiba_inu
root,pomeranian_183.jpg,pomeranian
root,basset_hound_130.jpg,basset_hound
root,boxer_14.jpg,boxer
root,leonberger_16.jpg,leonberger
root,american_pit_bull_terrier_178.jpg,american_pit_bull_terrier
root,american_pit_bull_terrier_150.jpg,american_pit_bull_terrier
root,keeshond_15.jpg,keeshond
root,great_pyrenees_186.jpg,great_pyrenees
root,american_pit_bull_terrier_144.jpg,american_pit_bull_terrier
root,havanese_125.jpg,havanese
root,leonberger_129.jpg,leonberger
root,boxer_159.jpg,boxer
root,great_pyrenees_179.jpg,great_pyrenees
root,havanese_131.jpg,havanese
root,japanese_chin_18.jpg,japanese_chin
root,boxer_171.jpg,boxer
root,great_pyrenees_151.jpg,great_pyrenees
root,havanese_119.jpg,havanese
root,leonberger_115.jpg,leonberger
root,leonberger_101.jpg,leonberger
root,boxer_165.jpg,boxer
root,great_pyrenees_145.jpg,great_pyrenees
root,american_pit_bull_terrier_187.jpg,american_pit_bull_terrier
root,staffordshire_bull_terrier_126.jpg,staffordshire_bull_terrier
root,beagle_17.jpg,beagle
root,beagle_126.jpg,beagle
root,staffordshire_bull_terrier_132.jpg,staffordshire_bull_terrier
root,samoyed_182.jpg,samoyed
root,yorkshire_terrier_16.jpg,yorkshire_terrier
root,american_bulldog_177.jpg,american_bulldog
root,miniature_pinscher_183.jpg,miniature_pinscher
root,miniature_pinscher_168.jpg,miniature_pinscher
root,american_bulldog_188.jpg,american_bulldog
root,samoyed_169.jpg,samoyed
root,samoyed_141.jpg,samoyed
root,keeshond_166.jpg,keeshond
root,miniature_pinscher_154.jpg,miniature_pinscher
root,miniature_pinscher_140.jpg,miniature_pinscher
root,keeshond_172.jpg,keeshond
root,samoyed_155.jpg,samoyed
root,chihuahua_182.jpg,chihuahua
root,english_cocker_spaniel_176.jpg,english_cocker_spaniel
root,yorkshire_terrier_122.jpg,yorkshire_terrier
root,yorkshire_terrier_136.jpg,yorkshire_terrier
root,english_cocker_spaniel_162.jpg,english_cocker_spaniel
root,wheaten_terrier_103.jpg,wheaten_terrier
root,japanese_chin_167.jpg,japanese_chin
root,scottish_terrier_12.jpg,scottish_terrier
root,japanese_chin_173.jpg,japanese_chin
root,wheaten_terrier_117.jpg,wheaten_terrier
root,chihuahua_141.jpg,chihuahua
root,great_pyrenees_16.jpg,great_pyrenees
root,english_setter_11.jpg,english_setter
root,pug_109.jpg,pug
root,chihuahua_155.jpg,chihuahua
root,english_cocker_spaniel_189.jpg,english_cocker_spaniel
root,pug_135.jpg,pug
root,pug_121.jpg,pug
root,chihuahua_169.jpg,chihuahua
root,pug_120.jpg,pug
root,chihuahua_168.jpg,chihuahua
root,english_cocker_spaniel_188.jpg,english_cocker_spaniel
root,pug_134.jpg,pug
root,chihuahua_154.jpg,chihuahua
root,english_setter_10.jpg,english_setter
root,great_pyrenees_17.jpg,great_pyrenees
root,chihuahua_140.jpg,chihuahua
root,pug_108.jpg,pug
root,japanese_chin_172.jpg,japanese_chin
root,wheaten_terrier_116.jpg,wheaten_terrier
root,wheaten_terrier_102.jpg,wheaten_terrier
root,scottish_terrier_13.jpg,scottish_terrier
root,japanese_chin_166.jpg,japanese_chin
root,yorkshire_terrier_137.jpg,yorkshire_terrier
root,english_cocker_spaniel_163.jpg,english_cocker_spaniel
root,english_cocker_spaniel_177.jpg,english_cocker_spaniel
root,chihuahua_183.jpg,chihuahua
root,yorkshire_terrier_123.jpg,yorkshire_terrier
root,keeshond_173.jpg,keeshond
root,miniature_pinscher_141.jpg,miniature_pinscher
root,samoyed_154.jpg,samoyed
root,samoyed_140.jpg,samoyed
root,miniature_pinscher_155.jpg,miniature_pinscher
root,keeshond_167.jpg,keeshond
root,american_bulldog_189.jpg,american_bulldog
root,samoyed_168.jpg,samoyed
root,miniature_pinscher_169.jpg,miniature_pinscher
root,miniature_pinscher_182.jpg,miniature_pinscher
root,american_bulldog_176.jpg,american_bulldog
root,samoyed_183.jpg,samoyed
root,yorkshire_terrier_17.jpg,yorkshire_terrier
root,beagle_127.jpg,beagle
root,staffordshire_bull_terrier_133.jpg,staffordshire_bull_terrier
root,beagle_16.jpg,beagle
root,staffordshire_bull_terrier_127.jpg,staffordshire_bull_terrier
root,beagle_133.jpg,beagle
root,great_pyrenees_144.jpg,great_pyrenees
root,boxer_164.jpg,boxer
root,leonberger_100.jpg,leonberger
root,american_pit_bull_terrier_186.jpg,american_pit_bull_terrier
root,leonberger_114.jpg,leonberger
root,havanese_118.jpg,havanese
root,great_pyrenees_150.jpg,great_pyrenees
root,boxer_170.jpg,boxer
root,havanese_130.jpg,havanese
root,great_pyrenees_178.jpg,great_pyrenees
root,boxer_158.jpg,boxer
root,leonberger_128.jpg,leonberger
root,havanese_124.jpg,havanese
root,great_pyrenees_187.jpg,great_pyrenees
root,american_pit_bull_terrier_145.jpg,american_pit_bull_terrier
root,american_pit_bull_terrier_151.jpg,american_pit_bull_terrier
root,keeshond_14.jpg,keeshond
root,leonberger_17.jpg,leonberger
root,american_pit_bull_terrier_179.jpg,american_pit_bull_terrier
root,boxer_15.jpg,boxer
root,english_setter_190.jpg,english_setter
root,basset_hound_131.jpg,basset_hound
root,pomeranian_182.jpg,pomeranian
root,shiba_inu_101.jpg,shiba_inu
root,shiba_inu_115.jpg,shiba_inu
root,scottish_terrier_139.jpg,scottish_terrier
root,basset_hound_125.jpg,basset_hound
root,english_setter_184.jpg,english_setter
root,saint_bernard_132.jpg,saint_bernard
root,scottish_terrier_111.jpg,scottish_terrier
root,scottish_terrier_105.jpg,scottish_terrier
root,basset_hound_119.jpg,basset_hound
root,shiba_inu_129.jpg,shiba_inu
root,saint_bernard_126.jpg,saint_bernard
root,german_shorthaired_112.jpg,german_shorthaired_pointer
root,english_setter_153.jpg,english_setter
root,american_bulldog_200.jpg,american_bulldog
root,pomeranian_141.jpg,pomeranian
root,newfoundland_114.jpg,newfoundland
root,pomeranian_155.jpg,pomeranian
root,newfoundland_100.jpg,newfoundland
root,english_setter_147.jpg,english_setter
root,german_shorthaired_106.jpg,german_shorthaired_pointer
root,newfoundland_128.jpg,newfoundland
root,pomeranian_169.jpg,pomeranian
root,german_shorthaired_102.jpg,german_shorthaired_pointer
root,english_setter_143.jpg,english_setter
root,newfoundland_104.jpg,newfoundland
root,pomeranian_151.jpg,pomeranian
root,newfoundland_110.jpg,newfoundland
root,pomeranian_145.jpg,pomeranian
root,english_setter_157.jpg,english_setter
root,german_shorthaired_116.jpg,german_shorthaired_pointer
root,newfoundland_138.jpg,newfoundland
root,pomeranian_179.jpg,pomeranian
root,english_setter_180.jpg,english_setter
root,basset_hound_121.jpg,basset_hound
root,shiba_inu_111.jpg,shiba_inu
root,shiba_inu_105.jpg,shiba_inu
root,pomeranian_186.jpg,pomeranian
root,basset_hound_135.jpg,basset_hound
root,scottish_terrier_129.jpg,scottish_terrier
root,saint_bernard_122.jpg,saint_bernard
root,scottish_terrier_101.jpg,scottish_terrier
root,basset_hound_109.jpg,basset_hound
root,scottish_terrier_115.jpg,scottish_terrier
root,saint_bernard_136.jpg,saint_bernard
root,shiba_inu_139.jpg,shiba_inu
root,keeshond_10.jpg,keeshond
root,american_pit_bull_terrier_155.jpg,american_pit_bull_terrier
root,american_pit_bull_terrier_141.jpg,american_pit_bull_terrier
root,great_pyrenees_183.jpg,great_pyrenees
root,american_pit_bull_terrier_169.jpg,american_pit_bull_terrier
root,boxer_11.jpg,boxer
root,leonberger_13.jpg,leonberger
root,boxer_174.jpg,boxer
root,great_pyrenees_154.jpg,great_pyrenees
root,leonberger_110.jpg,leonberger
root,american_pit_bull_terrier_182.jpg,american_pit_bull_terrier
root,leonberger_104.jpg,leonberger
root,havanese_108.jpg,havanese
root,boxer_160.jpg,boxer
root,great_pyrenees_140.jpg,great_pyrenees
root,havanese_120.jpg,havanese
root,boxer_148.jpg,boxer
root,great_pyrenees_168.jpg,great_pyrenees
root,leonberger_138.jpg,leonberger
root,havanese_134.jpg,havanese
root,yorkshire_terrier_13.jpg,yorkshire_terrier
root,american_bulldog_166.jpg,american_bulldog
root,samoyed_187.jpg,samoyed
root,american_bulldog_172.jpg,american_bulldog
root,miniature_pinscher_186.jpg,miniature_pinscher
root,beagle_137.jpg,beagle
root,staffordshire_bull_terrier_123.jpg,staffordshire_bull_terrier
root,beagle_12.jpg,beagle
root,staffordshire_bull_terrier_137.jpg,staffordshire_bull_terrier
root,beagle_123.jpg,beagle
root,keeshond_188.jpg,keeshond
root,keeshond_163.jpg,keeshond
root,miniature_pinscher_151.jpg,miniature_pinscher
root,samoyed_144.jpg,samoyed
root,samoyed_150.jpg,samoyed
root,miniature_pinscher_145.jpg,miniature_pinscher
root,keeshond_177.jpg,keeshond
root,american_bulldog_199.jpg,american_bulldog
root,samoyed_178.jpg,samoyed
root,miniature_pinscher_179.jpg,miniature_pinscher
root,japanese_chin_162.jpg,japanese_chin
root,scottish_terrier_17.jpg,scottish_terrier
root,wheaten_terrier_106.jpg,wheaten_terrier
root,wheaten_terrier_112.jpg,wheaten_terrier
root,japanese_chin_176.jpg,japanese_chin
root,yorkshire_terrier_127.jpg,yorkshire_terrier
root,chihuahua_187.jpg,chihuahua
root,english_cocker_spaniel_173.jpg,english_cocker_spaniel
root,english_cocker_spaniel_167.jpg,english_cocker_spaniel
root,yorkshire_terrier_133.jpg,yorkshire_terrier
root,pug_130.jpg,pug
root,chihuahua_178.jpg,chihuahua
root,pug_124.jpg,pug
root,great_pyrenees_13.jpg,great_pyrenees
root,english_setter_14.jpg,english_setter
root,chihuahua_144.jpg,chihuahua
root,chihuahua_150.jpg,chihuahua
root,japanese_chin_189.jpg,japanese_chin
root,pug_118.jpg,pug
root,chihuahua_151.jpg,chihuahua
root,pug_119.jpg,pug
root,japanese_chin_188.jpg,japanese_chin
root,chihuahua_145.jpg,chihuahua
root,english_setter_15.jpg,english_setter
root,great_pyrenees_12.jpg,great_pyrenees
root,pug_125.jpg,pug
root,pug_131.jpg,pug
root,chihuahua_179.jpg,chihuahua
root,english_cocker_spaniel_166.jpg,english_cocker_spaniel
root,yorkshire_terrier_132.jpg,yorkshire_terrier
root,yorkshire_terrier_126.jpg,yorkshire_terrier
root,english_cocker_spaniel_172.jpg,english_cocker_spaniel
root,chihuahua_186.jpg,chihuahua
root,wheaten_terrier_113.jpg,wheaten_terrier
root,japanese_chin_177.jpg,japanese_chin
root,scottish_terrier_16.jpg,scottish_terrier
root,japanese_chin_163.jpg,japanese_chin
root,wheaten_terrier_107.jpg,wheaten_terrier
root,miniature_pinscher_178.jpg,miniature_pinscher
root,american_bulldog_198.jpg,american_bulldog
root,samoyed_179.jpg,samoyed
root,samoyed_151.jpg,samoyed
root,keeshond_176.jpg,keeshond
root,miniature_pinscher_144.jpg,miniature_pinscher
root,miniature_pinscher_150.jpg,miniature_pinscher
root,keeshond_162.jpg,keeshond
root,samoyed_145.jpg,samoyed
root,staffordshire_bull_terrier_136.jpg,staffordshire_bull_terrier
root,keeshond_189.jpg,keeshond
root,beagle_122.jpg,beagle
root,beagle_136.jpg,beagle
root,beagle_13.jpg,beagle
root,staffordshire_bull_terrier_122.jpg,staffordshire_bull_terrier
root,miniature_pinscher_187.jpg,miniature_pinscher
root,american_bulldog_173.jpg,american_bulldog
root,american_bulldog_167.jpg,american_bulldog
root,yorkshire_terrier_12.jpg,yorkshire_terrier
root,samoyed_186.jpg,samoyed
root,havanese_135.jpg,havanese
root,leonberger_139.jpg,leonberger
root,great_pyrenees_169.jpg,great_pyrenees
root,boxer_149.jpg,boxer
root,havanese_121.jpg,havanese
root,american_pit_bull_terrier_183.jpg,american_pit_bull_terrier
root,great_pyrenees_141.jpg,great_pyrenees
root,boxer_161.jpg,boxer
root,havanese_109.jpg,havanese
root,leonberger_105.jpg,leonberger
root,leonberger_111.jpg,leonberger
root,great_pyrenees_155.jpg,great_pyrenees
root,boxer_175.jpg,boxer
root,leonberger_12.jpg,leonberger
root,boxer_10.jpg,boxer
